Month,Nationality,Guest_Nights,Check_ins,Avg_Stay
2025-08,ARMENIA,18254,3342.0,5.461998803111909
2025-08,AUSTRALIA,8827,2981.0,2.9610868835961086
2025-08,AUSTRIA,3167,709.0,4.4668547249647395
2025-08,AZERBAIJAN,2879,862.0,3.339907192575406
2025-08,BAHRAIN,26310,8735.0,3.012020606754436
2025-08,BELGIUM,3883,1092.0,3.5558608058608057
2025-08,BRAZIL,3170,658.0,4.817629179331307
2025-08,CANADA,9562,2301.0,4.1555845284658846
2025-08,CHINA,48818,21434.0,2.2775963422599608
2025-08,CZECHIA,1543,519.0,2.973025048169557
2025-08,DENMARK,235,110.0,2.1363636363636362
2025-08,EGYPT,24249,3745.0,6.475033377837116
2025-08,FINLAND,34,11.0,3.090909090909091
2025-08,FRANCE,25954,7073.0,3.669447193552948
2025-08,GERMANY,26428,5447.0,4.851845052322379
2025-08,INDIA,84238,21090.0,3.9942152678994782
2025-08,IRELAND,4324,1060.0,4.079245283018868
2025-08,ISRAEL,17371,5755.0,3.0184187662901825
2025-08,ITALY,16889,4702.0,3.5918757975329645
2025-08,JAPAN,5180,1477.0,3.5071090047393363
2025-08,JORDAN,8226,1841.0,4.468223791417707
2025-08,KAZAKHSTAN,12376,2648.0,4.673716012084592
2025-08,KUWAIT,69900,21732.0,3.2164549972390946
2025-08,LEBANON,3531,700.0,5.0442857142857145
2025-08,MEXICO,1123,320.0,3.509375
2025-08,MOROCCO,3824,1305.0,2.9302681992337165
2025-08,NETHERLANDS,8686,2343.0,3.7072129748186087
2025-08,NORWAY,347,115.0,3.017391304347826
2025-08,OMAN,27886,14224.0,1.9604893138357706
2025-08,PAKISTAN,6562,1896.0,3.460970464135021
2025-08,PHILIPPINES,8687,2867.0,3.0299965120334846
2025-08,POLAND,4028,1334.0,3.0194902548725637
2025-08,QATAR,21032,8976.0,2.343137254901961
2025-08,ROMANIA,3892,917.0,4.244274809160306
2025-08,RUSSIAN FEDERATION,50075,10648.0,4.702761081893313
2025-08,SAUDI ARABIA,85779,34006.0,2.522466623537023
2025-08,SOUTH AFRICA,5869,1003.0,5.851445663010967
2025-08,SOUTH KOREA,6349,1856.0,3.4207974137931036
2025-08,SPAIN,14956,4572.0,3.2712160979877516
2025-08,SWEDEN,1438,334.0,4.3053892215568865
2025-08,SWITZERLAND,3371,851.0,3.9612220916568743
2025-08,TURKEY,4330,1382.0,3.133140376266281
2025-08,UNITED KINGDOM,76240,16311.0,4.67414628165042
2025-08,UNITED STATES OF AMERICA,28982,6726.0,4.308950341956586
2025-08,UZBEKISTAN,4097,1411.0,2.9036144578313254
2025-09,ARMENIA,10690,2064.0,5.179263565891473
2025-09,AUSTRALIA,10562,3911.0,2.7005880848887753
2025-09,AUSTRIA,3578,912.0,3.9232456140350878
2025-09,AZERBAIJAN,1870,542.0,3.4501845018450186
2025-09,BAHRAIN,7689,2518.0,3.0536139793486896
2025-09,BELGIUM,5173,1558.0,3.320282413350449
2025-09,BRAZIL,4558,1102.0,4.136116152450091
2025-09,CANADA,10886,2951.0,3.6889190105049137
2025-09,CHINA,33932,14758.0,2.299227537606722
2025-09,CZECHIA,2516,832.0,3.0240384615384617
2025-09,DENMARK,391,176.0,2.221590909090909
2025-09,EGYPT,20053,4054.0,4.946472619634928
2025-09,FRANCE,21556,6093.0,3.5378302970622024
2025-09,GERMANY,32862,7182.0,4.575605680868839
2025-09,INDIA,103448,30419.0,3.4007692560570697
2025-09,IRELAND,4363,1155.0,3.7774891774891777
2025-09,ISRAEL,10196,3578.0,2.849636668529905
2025-09,ITALY,14916,3791.0,3.9345819045106833
2025-09,JAPAN,5332,1470.0,3.6272108843537416
2025-09,JORDAN,8424,2069.0,4.071532141130981
2025-09,KAZAKHSTAN,8281,2021.0,4.09747649678377
2025-09,KUWAIT,29478,8260.0,3.568765133171913
2025-09,LEBANON,4478,1061.0,4.2205466540999055
2025-09,MEXICO,1112,402.0,2.7661691542288556
2025-09,MOROCCO,3616,1290.0,2.8031007751937986
2025-09,NETHERLANDS,6468,1771.0,3.652173913043478
2025-09,NORWAY,576,228.0,2.526315789473684
2025-09,OMAN,7608,4945.0,1.5385237613751264
2025-09,PAKISTAN,5788,1692.0,3.42080378250591
2025-09,PHILIPPINES,8243,2346.0,3.5136402387041774
2025-09,POLAND,4996,1725.0,2.896231884057971
2025-09,QATAR,6797,3302.0,2.058449424591157
2025-09,ROMANIA,3049,740.0,4.120270270270271
2025-09,RUSSIAN FEDERATION,59909,13326.0,4.495647606183401
2025-09,SAUDI ARABIA,28818,11525.0,2.500477223427332
2025-09,SOUTH AFRICA,6459,1440.0,4.485416666666667
2025-09,SOUTH KOREA,6787,2232.0,3.0407706093189963
2025-09,SPAIN,15214,4366.0,3.4846541456710947
2025-09,SWEDEN,2185,489.0,4.468302658486707
2025-09,SWITZERLAND,5596,1612.0,3.4714640198511164
2025-09,TURKEY,5888,1769.0,3.3284341435839457
2025-09,UNITED KINGDOM,65875,13713.0,4.8038357762706925
2025-09,UNITED STATES OF AMERICA,34834,8975.0,3.8812256267409473
2025-09,UZBEKISTAN,2893,1067.0,2.711340206185567
2025-10,ARMENIA,11454,2304.0,4.971354166666667
2025-10,AUSTRALIA,13275,4402.0,3.0156746933212175
2025-10,AUSTRIA,7446,1888.0,3.9438559322033897
2025-10,AZERBAIJAN,1791,636.0,2.8160377358490565
2025-10,BAHRAIN,5053,1697.0,2.9776075427224513
2025-10,BELGIUM,6509,1959.0,3.322613578356304
2025-10,BRAZIL,5296,1321.0,4.009084027252082
2025-10,CANADA,12628,3524.0,3.583427922814983
2025-10,CHINA,48412,22680.0,2.134567901234568
2025-10,CZECHIA,4524,1392.0,3.25
2025-10,DENMARK,2301,624.0,3.6875
2025-10,EGYPT,20431,4121.0,4.957777238534336
2025-10,FINLAND,1191,329.0,3.6200607902735564
2025-10,FRANCE,33269,9235.0,3.602490525175961
2025-10,GERMANY,47681,10337.0,4.612653574538067
2025-10,INDIA,141145,47150.0,2.9935312831389185
2025-10,IRELAND,6571,1840.0,3.571195652173913
2025-10,ISRAEL,13849,4567.0,3.0324063936938908
2025-10,ITALY,19267,5166.0,3.729578010065815
2025-10,JAPAN,5462,1487.0,3.6731674512441157
2025-10,JORDAN,9100,2249.0,4.046242774566474
2025-10,KAZAKHSTAN,11932,3134.0,3.807275047862157
2025-10,KUWAIT,11430,3625.0,3.153103448275862
2025-10,LEBANON,5194,1281.0,4.054644808743169
2025-10,MEXICO,1920,588.0,3.2653061224489797
2025-10,MOROCCO,4509,1396.0,3.229942693409742
2025-10,NETHERLANDS,8994,2482.0,3.6236905721192585
2025-10,NORWAY,947,303.0,3.1254125412541254
2025-10,OMAN,7010,4061.0,1.7261758187638512
2025-10,PAKISTAN,5478,1608.0,3.406716417910448
2025-10,PHILIPPINES,8600,2521.0,3.411344704482348
2025-10,POLAND,6578,2159.0,3.046780917091246
2025-10,QATAR,8551,3928.0,2.1769348268839104
2025-10,ROMANIA,5895,1569.0,3.75717017208413
2025-10,RUSSIAN FEDERATION,114135,24953.0,4.573999118342484
2025-10,SAUDI ARABIA,23095,9071.0,2.5460257964943227
2025-10,SOUTH AFRICA,6652,1407.0,4.727789623312011
2025-10,SOUTH KOREA,9830,3034.0,3.2399472643375082
2025-10,SPAIN,15529,4476.0,3.4693923145665773
2025-10,SWEDEN,2842,673.0,4.222882615156018
2025-10,SWITZERLAND,15132,3747.0,4.038430744595677
2025-10,TURKEY,6699,1978.0,3.38675429726997
2025-10,UNITED KINGDOM,106197,25007.0,4.246690926540569
2025-10,UNITED STATES OF AMERICA,45652,12243.0,3.728824634485012
2025-10,UZBEKISTAN,2963,1145.0,2.587772925764192
2025-11,ARMENIA,5169,1068.0,4.839887640449438
2025-11,AUSTRALIA,10164,3330.0,3.052252252252252
2025-11,AUSTRIA,7543,1765.0,4.273654390934844
2025-11,AZERBAIJAN,4787,1425.0,3.3592982456140352
2025-11,BAHRAIN,4552,1520.0,2.9947368421052634
2025-11,BELGIUM,6113,1674.0,3.651732377538829
2025-11,BRAZIL,5888,1552.0,3.7938144329896906
2025-11,CANADA,15333,4682.0,3.2748825288338317
2025-11,CHINA,37836,15941.0,2.373502289693244
2025-11,CZECHIA,5678,1558.0,3.644415917843389
2025-11,DENMARK,2250,596.0,3.7751677852348995
2025-11,EGYPT,24224,6113.0,3.9627024374284314
2025-11,FINLAND,1690,485.0,3.484536082474227
2025-11,FRANCE,27888,7921.0,3.5207675798510287
2025-11,GERMANY,51113,11023.0,4.636940941667422
2025-11,INDIA,109659,33331.0,3.2900003000210014
2025-11,IRELAND,6913,1764.0,3.9189342403628116
2025-11,ISRAEL,10019,3395.0,2.9511045655375554
2025-11,ITALY,24057,6633.0,3.626865671641791
2025-11,JAPAN,5495,1551.0,3.54287556415216
2025-11,JORDAN,10057,2667.0,3.7709036370453695
2025-11,KAZAKHSTAN,16424,3861.0,4.253820253820254
2025-11,KUWAIT,10731,3368.0,3.186163895486936
2025-11,LEBANON,5015,1314.0,3.8165905631659056
2025-11,MEXICO,1832,607.0,3.018121911037891
2025-11,MOROCCO,8456,1687.0,5.012448132780083
2025-11,NETHERLANDS,10980,3049.0,3.6011807149885207
2025-11,NORWAY,2240,648.0,3.45679012345679
2025-11,OMAN,7709,4486.0,1.7184574230940703
2025-11,PAKISTAN,6275,2102.0,2.985252140818268
2025-11,PHILIPPINES,7137,2042.0,3.4951028403525957
2025-11,POLAND,15300,4728.0,3.236040609137056
2025-11,QATAR,4997,1904.0,2.624474789915966
2025-11,ROMANIA,5131,1366.0,3.7562225475841875
2025-11,RUSSIAN FEDERATION,128667,24947.0,5.157614141981
2025-11,SAUDI ARABIA,43661,16442.0,2.6554555406884806
2025-11,SOUTH AFRICA,5368,1113.0,4.823000898472596
2025-11,SOUTH KOREA,11100,3787.0,2.9310800105624506
2025-11,SPAIN,15460,4548.0,3.3992963940193492
2025-11,SWEDEN,4237,910.0,4.656043956043956
2025-11,SWITZERLAND,10711,2628.0,4.07572298325723
2025-11,TURKEY,10460,3369.0,3.1047788661323836
2025-11,UNITED KINGDOM,97704,22278.0,4.385671963371936
2025-11,UNITED STATES OF AMERICA,48113,14012.0,3.4336996859834428
2025-11,UZBEKISTAN,3277,1126.0,2.9103019538188275
2025-12,ARMENIA,3253,966.0,3.367494824016563
2025-12,AUSTRALIA,18611,5986.0,3.109087871700635
2025-12,AUSTRIA,8226,1933.0,4.255561303673047
2025-12,AZERBAIJAN,1652,555.0,2.9765765765765764
2025-12,BAHRAIN,7166,2450.0,2.9248979591836735
2025-12,BELGIUM,7368,2171.0,3.3938277291570706
2025-12,BRAZIL,6691,1974.0,3.389564336372847
2025-12,CANADA,17174,5328.0,3.2233483483483485
2025-12,CHINA,49978,21839.0,2.2884747470122258
2025-12,CZECHIA,6385,1725.0,3.701449275362319
2025-12,DENMARK,2730,690.0,3.9565217391304346
2025-12,EGYPT,19628,4002.0,4.904547726136932
2025-12,FINLAND,1543,423.0,3.647754137115839
2025-12,FRANCE,32308,9526.0,3.391559941213521
2025-12,GERMANY,49759,11312.0,4.3987800565770865
2025-12,INDIA,129116,46072.0,2.8024830699774266
2025-12,IRELAND,8575,2237.0,3.8332588287885563
2025-12,ISRAEL,18781,6408.0,2.9308676654182273
2025-12,ITALY,29935,8840.0,3.38631221719457
2025-12,JAPAN,7121,2403.0,2.9633791094465254
2025-12,JORDAN,8934,2279.0,3.920140412461606
2025-12,KAZAKHSTAN,10536,2664.0,3.954954954954955
2025-12,KUWAIT,10895,3543.0,3.0750776178379904
2025-12,LEBANON,4602,1155.0,3.9844155844155846
2025-12,MEXICO,2764,973.0,2.840698869475848
2025-12,MOROCCO,4076,1020.0,3.996078431372549
2025-12,NETHERLANDS,13975,3981.0,3.5104245164531527
2025-12,NORWAY,1707,538.0,3.1728624535315983
2025-12,OMAN,7389,4697.0,1.5731317862465404
2025-12,PAKISTAN,6954,2388.0,2.9120603015075375
2025-12,PHILIPPINES,11242,3744.0,3.0026709401709404
2025-12,POLAND,17738,5785.0,3.0662057044079516
2025-12,QATAR,10198,4699.0,2.170248989146627
2025-12,ROMANIA,7056,2076.0,3.398843930635838
2025-12,RUSSIAN FEDERATION,100315,22384.0,4.4815493209435315
2025-12,SAUDI ARABIA,20952,8681.0,2.4135468264024884
2025-12,SOUTH AFRICA,15712,4720.0,3.328813559322034
2025-12,SOUTH KOREA,11520,4261.0,2.703590706406947
2025-12,SPAIN,17531,4862.0,3.6057178116001647
2025-12,SWEDEN,4707,1164.0,4.043814432989691
2025-12,SWITZERLAND,12331,3137.0,3.9308256295824036
2025-12,TURKEY,6702,2066.0,3.243949661181026
2025-12,UNITED KINGDOM,121689,29224.0,4.164009033670955
2025-12,UNITED STATES OF AMERICA,62567,19707.0,3.174861724260415
2025-12,UZBEKISTAN,4741,1551.0,3.0567375886524824
2026-01,ARMENIA,7431,1385.0,5.3653429602888085
2026-01,AUSTRALIA,16095,4995.0,3.2222222222222223
2026-01,AUSTRIA,7501,1895.0,3.958311345646438
2026-01,AZERBAIJAN,2492,767.0,3.2490221642764014
2026-01,BAHRAIN,7441,2521.0,2.951606505355018
2026-01,BELGIUM,6839,1931.0,3.5416882444329363
2026-01,BRAZIL,9391,2815.0,3.336056838365897
2026-01,CANADA,13582,4147.0,3.275138654448999
2026-01,CHINA,54329,25237.0,2.152751911875421
2026-01,CZECHIA,4563,1239.0,3.682808716707022
2026-01,DENMARK,2891,743.0,3.8909825033647376
2026-01,EGYPT,22644,4746.0,4.77117572692794
2026-01,FINLAND,1799,502.0,3.5836653386454183
2026-01,FRANCE,27626,8096.0,3.412302371541502
2026-01,GERMANY,44795,9527.0,4.701899863545712
2026-01,INDIA,129706,41432.0,3.130575400656497
2026-01,IRELAND,6263,1747.0,3.5850028620492274
2026-01,ISRAEL,16454,6092.0,2.700919238345371
2026-01,ITALY,28885,7648.0,3.776804393305439
2026-01,JAPAN,5705,1983.0,2.876954109934443
2026-01,JORDAN,12598,3373.0,3.7349540468425735
2026-01,KAZAKHSTAN,11857,3083.0,3.8459292896529353
2026-01,KUWAIT,22642,7358.0,3.077194889915738
2026-01,LEBANON,4804,1176.0,4.085034013605442
2026-01,MEXICO,2856,916.0,3.1179039301310043
2026-01,MOROCCO,4977,1172.0,4.246587030716723
2026-01,NETHERLANDS,10012,2667.0,3.7540307461567304
2026-01,NORWAY,1237,342.0,3.6169590643274856
2026-01,OMAN,21901,13380.0,1.636846038863976
2026-01,PAKISTAN,7315,2455.0,2.979633401221996
2026-01,PHILIPPINES,8741,2538.0,3.4440504334121353
2026-01,POLAND,20928,6839.0,3.0600965053370377
2026-01,QATAR,8153,3818.0,2.135411210057622
2026-01,ROMANIA,6219,1788.0,3.478187919463087
2026-01,RUSSIAN FEDERATION,136621,29182.0,4.681687341511891
2026-01,SAUDI ARABIA,29057,11887.0,2.44443509716497
2026-01,SOUTH AFRICA,8378,2151.0,3.894932589493259
2026-01,SOUTH KOREA,11717,4703.0,2.491388475441208
2026-01,SPAIN,15705,4261.0,3.6857545177188453
2026-01,SWEDEN,5150,1103.0,4.669084315503174
2026-01,SWITZERLAND,8660,2165.0,4.0
2026-01,TURKEY,10742,3792.0,2.832805907172996
2026-01,UNITED KINGDOM,85302,19454.0,4.384805181453686
2026-01,UNITED STATES OF AMERICA,50265,15095.0,3.3299105664127193
2026-01,UZBEKISTAN,8357,2711.0,3.082626337144965
2026-02,ARMENIA,4381,1015.0,4.316256157635468
2026-02,AUSTRALIA,7595,2044.0,3.7157534246575343
2026-02,AUSTRIA,8036,1909.0,4.209533787323206
2026-02,AZERBAIJAN,1747,543.0,3.2173112338858196
2026-02,BAHRAIN,3447,1099.0,3.1364877161055507
2026-02,BELGIUM,8618,2561.0,3.3650917610308473
2026-02,BRAZIL,7030,1920.0,3.6614583333333335
2026-02,CANADA,12548,3881.0,3.2331873228549344
2026-02,CHINA,92044,57554.0,1.5992633005525245
2026-02,CZECHIA,6121,1697.0,3.6069534472598703
2026-02,DENMARK,2428,644.0,3.770186335403727
2026-02,EGYPT,17252,3226.0,5.347799132052077
2026-02,FINLAND,2211,533.0,4.1482176360225145
2026-02,FRANCE,31257,9465.0,3.3023771790808243
2026-02,GERMANY,46367,10776.0,4.302802524127691
2026-02,INDIA,98589,32338.0,3.0487043107180405
2026-02,IRELAND,6513,1744.0,3.7345183486238533
2026-02,ISRAEL,9942,4080.0,2.4367647058823527
2026-02,ITALY,23817,6909.0,3.447242726877985
2026-02,JAPAN,5204,1546.0,3.3661060802069858
2026-02,JORDAN,8021,1634.0,4.908812729498164
2026-02,KAZAKHSTAN,8392,2161.0,3.883387320684868
2026-02,KUWAIT,6757,2171.0,3.1123906034085675
2026-02,LEBANON,4608,1180.0,3.905084745762712
2026-02,MEXICO,1904,538.0,3.5390334572490705
2026-02,MOROCCO,2615,696.0,3.757183908045977
2026-02,NETHERLANDS,10009,2966.0,3.3745785569790963
2026-02,NORWAY,1484,425.0,3.491764705882353
2026-02,OMAN,4595,3159.0,1.45457423235201
2026-02,PAKISTAN,5187,1498.0,3.4626168224299065
2026-02,PHILIPPINES,7409,1859.0,3.9854760623991394
2026-02,POLAND,19214,6359.0,3.0215442679666613
2026-02,QATAR,3978,1992.0,1.9969879518072289
2026-02,ROMANIA,6017,1888.0,3.186970338983051
2026-02,RUSSIAN FEDERATION,106345,22565.0,4.712829603368048
2026-02,SAUDI ARABIA,7461,2969.0,2.512967329067026
2026-02,SOUTH AFRICA,3523,699.0,5.0400572246065805
2026-02,SOUTH KOREA,12507,4599.0,2.7195042400521854
2026-02,SPAIN,13367,3797.0,3.520410850671583
2026-02,SWEDEN,4631,1035.0,4.4743961352657005
2026-02,SWITZERLAND,10778,2737.0,3.937888198757764
2026-02,TURKEY,6800,2032.0,3.3464566929133857
2026-02,UNITED KINGDOM,98405,23674.0,4.156669764298386
2026-02,UNITED STATES OF AMERICA,42506,13076.0,3.250688283878862
2026-02,UZBEKISTAN,5368,1687.0,3.1819798458802606
