Date,International,Domestic,Source
2022-01-01,15235,22135,Actual
2022-01-02,14599,19486,Actual
2022-01-03,14103,20185,Actual
2022-01-04,13507,20446,Actual
2022-01-05,12965,21132,Actual
2022-01-06,12631,21661,Actual
2022-01-07,11992,22178,Actual
2022-01-08,11054,21793,Actual
2022-01-09,9933,20416,Actual
2022-01-10,9756,21595,Actual
2022-01-11,9605,21744,Actual
2022-01-12,9407,21569,Actual
2022-01-13,9272,21267,Actual
2022-01-14,9018,21748,Actual
2022-01-15,9107,22031,Actual
2022-01-16,9412,20765,Actual
2022-01-17,9769,21864,Actual
2022-01-18,10065,22074,Actual
2022-01-19,10225,21914,Actual
2022-01-20,9998,21938,Actual
2022-01-21,9935,22102,Actual
2022-01-22,10109,22275,Actual
2022-01-23,9366,20294,Actual
2022-01-24,9083,20755,Actual
2022-01-25,9031,21177,Actual
2022-01-26,8993,21449,Actual
2022-01-27,9046,21900,Actual
2022-01-28,9140,22378,Actual
2022-01-29,9354,22589,Actual
2022-01-30,8757,19961,Actual
2022-01-31,8679,20615,Actual
2022-02-01,8934,21070,Actual
2022-02-02,9387,21258,Actual
2022-02-03,9965,21170,Actual
2022-02-04,10587,21935,Actual
2022-02-05,11578,22928,Actual
2022-02-06,11572,20700,Actual
2022-02-07,12204,21727,Actual
2022-02-08,13516,22162,Actual
2022-02-09,13498,22310,Actual
2022-02-10,13385,21840,Actual
2022-02-11,14390,23040,Actual
2022-02-12,15618,24850,Actual
2022-02-13,12555,20985,Actual
2022-02-14,11962,22037,Actual
2022-02-15,11999,21499,Actual
2022-02-16,11849,21455,Actual
2022-02-17,12532,21933,Actual
2022-02-18,12921,23151,Actual
2022-02-19,13586,23214,Actual
2022-02-20,13065,19674,Actual
2022-02-21,12708,20209,Actual
2022-02-22,13189,20403,Actual
2022-02-23,13453,20066,Actual
2022-02-24,13671,19602,Actual
2022-02-25,13796,22439,Actual
2022-02-26,13662,23095,Actual
2022-02-27,13062,18431,Actual
2022-02-28,13138,19228,Actual
2022-03-01,13694,19870,Actual
2022-03-02,14146,19926,Actual
2022-03-03,14435,20782,Actual
2022-03-04,14639,22918,Actual
2022-03-05,14249,23579,Actual
2022-03-06,13070,18222,Actual
2022-03-07,12447,18507,Actual
2022-03-08,12422,18688,Actual
2022-03-09,12538,18928,Actual
2022-03-10,12963,19013,Actual
2022-03-11,13736,21274,Actual
2022-03-12,14090,22777,Actual
2022-03-13,13530,17235,Actual
2022-03-14,13835,18138,Actual
2022-03-15,14242,18972,Actual
2022-03-16,14242,19190,Actual
2022-03-17,14233,18851,Actual
2022-03-18,13843,20133,Actual
2022-03-19,13432,20873,Actual
2022-03-20,12904,17069,Actual
2022-03-21,13068,18006,Actual
2022-03-22,13319,18266,Actual
2022-03-23,13723,18792,Actual
2022-03-24,14339,19297,Actual
2022-03-25,14683,24308,Actual
2022-03-26,14605,27721,Actual
2022-03-27,13321,23151,Actual
2022-03-28,13267,24161,Actual
2022-03-29,13117,24597,Actual
2022-03-30,12789,24790,Actual
2022-03-31,11938,22845,Actual
2022-04-01,11368,17864,Actual
2022-04-02,10989,16235,Actual
2022-04-03,10427,13986,Actual
2022-04-04,10587,14531,Actual
2022-04-05,10836,14889,Actual
2022-04-06,10790,15222,Actual
2022-04-07,11240,15232,Actual
2022-04-08,11698,16166,Actual
2022-04-09,12254,16684,Actual
2022-04-10,12536,14105,Actual
2022-04-11,13380,15122,Actual
2022-04-12,13886,15342,Actual
2022-04-13,14121,15600,Actual
2022-04-14,14580,15456,Actual
2022-04-15,15251,16297,Actual
2022-04-16,15245,16974,Actual
2022-04-17,14097,13989,Actual
2022-04-18,13361,14766,Actual
2022-04-19,13019,15137,Actual
2022-04-20,12392,14823,Actual
2022-04-21,11966,14217,Actual
2022-04-22,11093,14869,Actual
2022-04-23,10735,16076,Actual
2022-04-24,9678,12865,Actual
2022-04-25,9422,13460,Actual
2022-04-26,9373,13513,Actual
2022-04-27,9256,13808,Actual
2022-04-28,9484,13635,Actual
2022-04-29,10758,15173,Actual
2022-04-30,12745,20835,Actual
2022-05-01,13657,24559,Actual
2022-05-02,14978,31361,Actual
2022-05-03,15986,33768,Actual
2022-05-04,15670,30108,Actual
2022-05-05,14951,28204,Actual
2022-05-06,13498,26931,Actual
2022-05-07,11651,22680,Actual
2022-05-08,10824,16110,Actual
2022-05-09,11052,17037,Actual
2022-05-10,11590,17376,Actual
2022-05-11,11673,17723,Actual
2022-05-12,11667,17512,Actual
2022-05-13,11467,19547,Actual
2022-05-14,11454,20454,Actual
2022-05-15,10345,17709,Actual
2022-05-16,10492,15946,Actual
2022-05-17,10546,16597,Actual
2022-05-18,10483,16594,Actual
2022-05-19,10342,16243,Actual
2022-05-20,10777,17865,Actual
2022-05-21,11012,20186,Actual
2022-05-22,10546,15705,Actual
2022-05-23,11412,17750,Actual
2022-05-24,11698,18558,Actual
2022-05-25,12148,18481,Actual
2022-05-26,12294,18665,Actual
2022-05-27,12546,23104,Actual
2022-05-28,12419,24725,Actual
2022-05-29,11742,17879,Actual
2022-05-30,11798,18434,Actual
2022-05-31,11861,18680,Actual
2022-06-01,11948,19145,Actual
2022-06-02,12182,18962,Actual
2022-06-03,12351,21359,Actual
2022-06-04,11871,22868,Actual
2022-06-05,9910,16388,Actual
2022-06-06,10181,17326,Actual
2022-06-07,10239,17672,Actual
2022-06-08,10007,17318,Actual
2022-06-09,9912,16869,Actual
2022-06-10,9957,19374,Actual
2022-06-11,9801,20319,Actual
2022-06-12,9091,15728,Actual
2022-06-13,9224,16829,Actual
2022-06-14,9320,17348,Actual
2022-06-15,9525,17656,Actual
2022-06-16,9749,17648,Actual
2022-06-17,9684,19154,Actual
2022-06-18,9420,20156,Actual
2022-06-19,8632,16314,Actual
2022-06-20,8912,17704,Actual
2022-06-21,9327,18014,Actual
2022-06-22,9407,18255,Actual
2022-06-23,9437,17917,Actual
2022-06-24,9039,19206,Actual
2022-06-25,9091,20931,Actual
2022-06-26,8767,16722,Actual
2022-06-27,8999,18835,Actual
2022-06-28,9272,19769,Actual
2022-06-29,9213,19791,Actual
2022-06-30,9256,19232,Actual
2022-07-01,9348,20751,Actual
2022-07-02,9613,21814,Actual
2022-07-03,9218,17615,Actual
2022-07-04,9292,18713,Actual
2022-07-05,9022,18719,Actual
2022-07-06,9150,18311,Actual
2022-07-07,9276,16035,Actual
2022-07-08,10526,19541,Actual
2022-07-09,11603,27309,Actual
2022-07-10,11492,26779,Actual
2022-07-11,10825,19003,Actual
2022-07-12,10456,19142,Actual
2022-07-13,10544,20123,Actual
2022-07-14,10026,19025,Actual
2022-07-15,9464,19917,Actual
2022-07-16,9228,20632,Actual
2022-07-17,8957,17920,Actual
2022-07-18,9371,19623,Actual
2022-07-19,9680,20374,Actual
2022-07-20,10162,20535,Actual
2022-07-21,10232,19444,Actual
2022-07-22,10344,19974,Actual
2022-07-23,10348,20953,Actual
2022-07-24,10282,17748,Actual
2022-07-25,10654,19078,Actual
2022-07-26,10746,19916,Actual
2022-07-27,11100,20635,Actual
2022-07-28,11264,20596,Actual
2022-07-29,11337,22560,Actual
2022-07-30,11057,23428,Actual
2022-07-31,10213,18837,Actual
2022-08-01,10548,20288,Actual
2022-08-02,11012,20867,Actual
2022-08-03,11334,20538,Actual
2022-08-04,11265,19803,Actual
2022-08-05,11338,21048,Actual
2022-08-06,11479,21883,Actual
2022-08-07,11315,17647,Actual
2022-08-08,11644,19647,Actual
2022-08-09,11733,20759,Actual
2022-08-10,12227,20905,Actual
2022-08-11,12627,19803,Actual
2022-08-12,13086,21437,Actual
2022-08-13,13406,22399,Actual
2022-08-14,12875,18548,Actual
2022-08-15,13665,20208,Actual
2022-08-16,13830,20968,Actual
2022-08-17,14208,21466,Actual
2022-08-18,14027,20540,Actual
2022-08-19,14230,21406,Actual
2022-08-20,13492,22502,Actual
2022-08-21,12843,18653,Actual
2022-08-22,12939,19807,Actual
2022-08-23,12748,20632,Actual
2022-08-24,12747,20461,Actual
2022-08-25,12610,20015,Actual
2022-08-26,12387,21637,Actual
2022-08-27,11826,21989,Actual
2022-08-28,10964,16346,Actual
2022-08-29,11030,17016,Actual
2022-08-30,10735,17376,Actual
2022-08-31,10936,17386,Actual
2022-09-01,10733,16775,Actual
2022-09-02,10617,18127,Actual
2022-09-03,10471,19861,Actual
2022-09-04,10784,15095,Actual
2022-09-05,11191,16754,Actual
2022-09-06,11353,17080,Actual
2022-09-07,11015,16578,Actual
2022-09-08,11197,16317,Actual
2022-09-09,11145,18078,Actual
2022-09-10,10866,19750,Actual
2022-09-11,10658,14667,Actual
2022-09-12,10957,16355,Actual
2022-09-13,11569,16893,Actual
2022-09-14,11947,16915,Actual
2022-09-15,11622,16545,Actual
2022-09-16,11822,18034,Actual
2022-09-17,11702,19435,Actual
2022-09-18,11283,14904,Actual
2022-09-19,11959,16148,Actual
2022-09-20,12721,16888,Actual
2022-09-21,13169,17079,Actual
2022-09-22,13554,16320,Actual
2022-09-23,12981,18468,Actual
2022-09-24,11926,19635,Actual
2022-09-25,11425,15204,Actual
2022-09-26,11863,16758,Actual
2022-09-27,12021,17800,Actual
2022-09-28,12446,17992,Actual
2022-09-29,12323,18029,Actual
2022-09-30,12011,20177,Actual
2022-10-01,11979,20944,Actual
2022-10-02,11491,15302,Actual
2022-10-03,12180,16121,Actual
2022-10-04,12817,16763,Actual
2022-10-05,13415,16967,Actual
2022-10-06,14126,17654,Actual
2022-10-07,15093,20335,Actual
2022-10-08,14936,22221,Actual
2022-10-09,13245,15479,Actual
2022-10-10,13614,17085,Actual
2022-10-11,13456,17528,Actual
2022-10-12,14061,17193,Actual
2022-10-13,14293,16596,Actual
2022-10-14,15357,19587,Actual
2022-10-15,15788,22279,Actual
2022-10-16,15034,17432,Actual
2022-10-17,15493,18762,Actual
2022-10-18,15626,19182,Actual
2022-10-19,16355,19342,Actual
2022-10-20,17667,19059,Actual
2022-10-21,19655,20009,Actual
2022-10-22,20783,20808,Actual
2022-10-23,18556,15955,Actual
2022-10-24,18666,17194,Actual
2022-10-25,19447,17380,Actual
2022-10-26,20431,18047,Actual
2022-10-27,20393,19002,Actual
2022-10-28,20011,20987,Actual
2022-10-29,19564,21206,Actual
2022-10-30,20229,15807,Actual
2022-10-31,20968,16196,Actual
2022-11-01,20823,16792,Actual
2022-11-02,19398,17039,Actual
2022-11-03,16818,16236,Actual
2022-11-04,15682,18285,Actual
2022-11-05,15263,20326,Actual
2022-11-06,14315,15320,Actual
2022-11-07,15143,16553,Actual
2022-11-08,15577,17048,Actual
2022-11-09,16354,17313,Actual
2022-11-10,17812,17617,Actual
2022-11-11,18205,20786,Actual
2022-11-12,17873,21524,Actual
2022-11-13,16455,16846,Actual
2022-11-14,17386,17758,Actual
2022-11-15,18373,18517,Actual
2022-11-16,19673,18136,Actual
2022-11-17,21191,17483,Actual
2022-11-18,23731,18521,Actual
2022-11-19,24902,19680,Actual
2022-11-20,24159,17628,Actual
2022-11-21,17883,16671,Actual
2022-11-22,17039,16819,Actual
2022-11-23,17257,16561,Actual
2022-11-24,18215,17272,Actual
2022-11-25,18727,19231,Actual
2022-11-26,18131,20283,Actual
2022-11-27,16462,15755,Actual
2022-11-28,15886,16540,Actual
2022-11-29,15974,17164,Actual
2022-11-30,16411,17417,Actual
2022-12-01,18005,25770,Actual
2022-12-02,17209,27857,Actual
2022-12-03,15391,21652,Actual
2022-12-04,13755,14472,Actual
2022-12-05,13842,15743,Actual
2022-12-06,15116,16812,Actual
2022-12-07,16138,17621,Actual
2022-12-08,16558,17297,Actual
2022-12-09,15913,17758,Actual
2022-12-10,15690,19702,Actual
2022-12-11,14806,17304,Actual
2022-12-12,14341,18587,Actual
2022-12-13,13859,19108,Actual
2022-12-14,13947,18987,Actual
2022-12-15,14673,18540,Actual
2022-12-16,16008,20568,Actual
2022-12-17,16109,21232,Actual
2022-12-18,14972,17685,Actual
2022-12-19,15147,19636,Actual
2022-12-20,15459,20758,Actual
2022-12-21,15903,20850,Actual
2022-12-22,16284,19595,Actual
2022-12-23,17660,19876,Actual
2022-12-24,19447,22446,Actual
2022-12-25,19629,19260,Actual
2022-12-26,21222,21339,Actual
2022-12-27,22627,22760,Actual
2022-12-28,23503,22974,Actual
2022-12-29,23877,21963,Actual
2022-12-30,22793,21417,Actual
2022-12-31,22721,25717,Actual
2023-01-01,21557,16160,Actual
2023-01-02,21728,16554,Actual
2023-01-03,21128,16722,Actual
2023-01-04,20256,17037,Actual
2023-01-05,18852,16245,Actual
2023-01-06,17558,17263,Actual
2023-01-07,16409,18630,Actual
2023-01-08,15098,14275,Actual
2023-01-09,15355,15798,Actual
2023-01-10,15530,16200,Actual
2023-01-11,16078,16610,Actual
2023-01-12,16275,16477,Actual
2023-01-13,16373,18318,Actual
2023-01-14,16660,19995,Actual
2023-01-15,17551,17179,Actual
2023-01-16,17823,18782,Actual
2023-01-17,17838,18920,Actual
2023-01-18,16993,17726,Actual
2023-01-19,16538,16699,Actual
2023-01-20,17110,18502,Actual
2023-01-21,17870,20060,Actual
2023-01-22,16808,15208,Actual
2023-01-23,17091,16167,Actual
2023-01-24,17154,16698,Actual
2023-01-25,18309,17759,Actual
2023-01-26,19440,19116,Actual
2023-01-27,19179,21070,Actual
2023-01-28,17811,21982,Actual
2023-01-29,15828,15584,Actual
2023-01-30,15473,16457,Actual
2023-01-31,15175,16501,Actual
2023-02-01,16074,16736,Actual
2023-02-02,16368,15958,Actual
2023-02-03,16944,18394,Actual
2023-02-04,16516,20021,Actual
2023-02-05,16075,15251,Actual
2023-02-06,16432,16845,Actual
2023-02-07,16770,17408,Actual
2023-02-08,16739,17991,Actual
2023-02-09,17867,17639,Actual
2023-02-10,17920,18915,Actual
2023-02-11,18592,20601,Actual
2023-02-12,18344,16401,Actual
2023-02-13,19299,18181,Actual
2023-02-14,19449,19385,Actual
2023-02-15,20825,19487,Actual
2023-02-16,21571,19313,Actual
2023-02-17,21736,20976,Actual
2023-02-18,20985,21441,Actual
2023-02-19,20102,15322,Actual
2023-02-20,20339,15820,Actual
2023-02-21,20832,16052,Actual
2023-02-22,21598,16607,Actual
2023-02-23,20914,16310,Actual
2023-02-24,20518,18049,Actual
2023-02-25,19397,19741,Actual
2023-02-26,18066,16143,Actual
2023-02-27,17709,17379,Actual
2023-02-28,17681,17600,Actual
2023-03-01,19160,18811,Actual
2023-03-02,20803,19398,Actual
2023-03-03,22368,22606,Actual
2023-03-04,22299,24386,Actual
2023-03-05,21011,18218,Actual
2023-03-06,21155,17634,Actual
2023-03-07,20885,17750,Actual
2023-03-08,21332,18336,Actual
2023-03-09,21948,17789,Actual
2023-03-10,21990,20421,Actual
2023-03-11,21704,23299,Actual
2023-03-12,19113,16473,Actual
2023-03-13,19241,17713,Actual
2023-03-14,19507,18300,Actual
2023-03-15,20351,18858,Actual
2023-03-16,20466,18353,Actual
2023-03-17,20054,19874,Actual
2023-03-18,18545,22025,Actual
2023-03-19,16811,15701,Actual
2023-03-20,17042,16777,Actual
2023-03-21,16329,15756,Actual
2023-03-22,15590,13438,Actual
2023-03-23,15077,11346,Actual
2023-03-24,15311,12364,Actual
2023-03-25,16450,14485,Actual
2023-03-26,16068,12723,Actual
2023-03-27,16677,14312,Actual
2023-03-28,16671,14659,Actual
2023-03-29,16265,14544,Actual
2023-03-30,16399,14320,Actual
2023-03-31,16769,15584,Actual
2023-04-01,17645,16876,Actual
2023-04-02,17284,13608,Actual
2023-04-03,18267,14874,Actual
2023-04-04,18753,15078,Actual
2023-04-05,19291,15861,Actual
2023-04-06,20180,15826,Actual
2023-04-07,20728,16309,Actual
2023-04-08,20273,16964,Actual
2023-04-09,18346,12887,Actual
2023-04-10,17505,14137,Actual
2023-04-11,17478,14035,Actual
2023-04-12,16539,13715,Actual
2023-04-13,15819,13185,Actual
2023-04-14,15622,13891,Actual
2023-04-15,15078,15235,Actual
2023-04-16,13866,11761,Actual
2023-04-17,13474,12442,Actual
2023-04-18,13631,12413,Actual
2023-04-19,14282,12789,Actual
2023-04-20,17562,21244,Actual
2023-04-21,20519,32985,Actual
2023-04-22,21949,34665,Actual
2023-04-23,21043,19533,Actual
2023-04-24,20767,16678,Actual
2023-04-25,20377,16957,Actual
2023-04-26,20607,17499,Actual
2023-04-27,20585,18217,Actual
2023-04-28,20323,22400,Actual
2023-04-29,19936,23978,Actual
2023-04-30,19174,15799,Actual
2023-05-01,19026,16698,Actual
2023-05-02,19290,17381,Actual
2023-05-03,19469,17338,Actual
2023-05-04,19733,16921,Actual
2023-05-05,20165,21076,Actual
2023-05-06,19723,22092,Actual
2023-05-07,19028,16404,Actual
2023-05-08,18218,17230,Actual
2023-05-09,17933,17379,Actual
2023-05-10,17263,16764,Actual
2023-05-11,16549,15844,Actual
2023-05-12,16106,19895,Actual
2023-05-13,15670,22228,Actual
2023-05-14,15027,14680,Actual
2023-05-15,16294,16287,Actual
2023-05-16,16078,16672,Actual
2023-05-17,15840,16666,Actual
2023-05-18,15706,15971,Actual
2023-05-19,15270,19009,Actual
2023-05-20,14881,21055,Actual
2023-05-21,15083,14517,Actual
2023-05-22,15802,16306,Actual
2023-05-23,16354,17251,Actual
2023-05-24,17145,17406,Actual
2023-05-25,18003,17554,Actual
2023-05-26,18898,21892,Actual
2023-05-27,18545,24569,Actual
2023-05-28,16600,16068,Actual
2023-05-29,15881,16742,Actual
2023-05-30,15394,17434,Actual
2023-05-31,15650,17443,Actual
2023-06-01,16577,18208,Actual
2023-06-02,16125,20337,Actual
2023-06-03,14746,21695,Actual
2023-06-04,13687,15272,Actual
2023-06-05,13913,16619,Actual
2023-06-06,14116,17214,Actual
2023-06-07,14118,16811,Actual
2023-06-08,14039,16026,Actual
2023-06-09,14161,18423,Actual
2023-06-10,13459,20977,Actual
2023-06-11,12772,14387,Actual
2023-06-12,13024,15414,Actual
2023-06-13,13256,16200,Actual
2023-06-14,13389,16163,Actual
2023-06-15,13015,15580,Actual
2023-06-16,12733,17852,Actual
2023-06-17,12200,20252,Actual
2023-06-18,11836,14558,Actual
2023-06-19,12106,16695,Actual
2023-06-20,11557,17467,Actual
2023-06-21,11704,16977,Actual
2023-06-22,11984,15362,Actual
2023-06-23,12592,17447,Actual
2023-06-24,13187,20231,Actual
2023-06-25,12861,15271,Actual
2023-06-26,13758,14397,Actual
2023-06-27,15374,21324,Actual
2023-06-28,16974,31348,Actual
2023-06-29,17161,36385,Actual
2023-06-30,15785,31302,Actual
2023-07-01,13689,22633,Actual
2023-07-02,12718,15813,Actual
2023-07-03,12975,18151,Actual
2023-07-04,13039,19078,Actual
2023-07-05,13631,19059,Actual
2023-07-06,13527,18112,Actual
2023-07-07,13510,19809,Actual
2023-07-08,13289,20706,Actual
2023-07-09,13854,16545,Actual
2023-07-10,14805,19100,Actual
2023-07-11,14978,19980,Actual
2023-07-12,15404,19930,Actual
2023-07-13,15218,18259,Actual
2023-07-14,15269,19196,Actual
2023-07-15,14824,20380,Actual
2023-07-16,14830,16822,Actual
2023-07-17,15657,19216,Actual
2023-07-18,15995,20383,Actual
2023-07-19,16806,20191,Actual
2023-07-20,16942,19019,Actual
2023-07-21,16940,24519,Actual
2023-07-22,15547,22545,Actual
2023-07-23,14920,16381,Actual
2023-07-24,16071,18111,Actual
2023-07-25,16484,19701,Actual
2023-07-26,16698,19897,Actual
2023-07-27,16938,19593,Actual
2023-07-28,16675,20689,Actual
2023-07-29,16333,21811,Actual
2023-07-30,15926,17854,Actual
2023-07-31,16624,19343,Actual
2023-08-01,17233,20580,Actual
2023-08-02,17908,20621,Actual
2023-08-03,18670,19526,Actual
2023-08-04,18970,21074,Actual
2023-08-05,18291,22490,Actual
2023-08-06,18239,17734,Actual
2023-08-07,19045,20194,Actual
2023-08-08,19573,21238,Actual
2023-08-09,19428,21229,Actual
2023-08-10,18902,19641,Actual
2023-08-11,18623,20523,Actual
2023-08-12,18136,21754,Actual
2023-08-13,18120,17911,Actual
2023-08-14,19507,20209,Actual
2023-08-15,19382,20948,Actual
2023-08-16,19723,20695,Actual
2023-08-17,19509,19739,Actual
2023-08-18,18862,20618,Actual
2023-08-19,17656,21848,Actual
2023-08-20,17106,17282,Actual
2023-08-21,17601,18971,Actual
2023-08-22,17685,19338,Actual
2023-08-23,17350,19317,Actual
2023-08-24,17357,18503,Actual
2023-08-25,16738,20114,Actual
2023-08-26,15508,21184,Actual
2023-08-27,14346,16035,Actual
2023-08-28,14706,17692,Actual
2023-08-29,14395,17720,Actual
2023-08-30,14435,17747,Actual
2023-08-31,14420,17112,Actual
2023-09-01,14513,20115,Actual
2023-09-02,14038,21002,Actual
2023-09-03,13963,16263,Actual
2023-09-04,14809,18046,Actual
2023-09-05,15718,18487,Actual
2023-09-06,15552,18603,Actual
2023-09-07,14970,17518,Actual
2023-09-08,15247,19500,Actual
2023-09-09,15321,21883,Actual
2023-09-10,14491,15827,Actual
2023-09-11,14956,17360,Actual
2023-09-12,14801,17646,Actual
2023-09-13,15466,18147,Actual
2023-09-14,15897,17322,Actual
2023-09-15,15808,19459,Actual
2023-09-16,15248,20737,Actual
2023-09-17,14148,14272,Actual
2023-09-18,14475,15577,Actual
2023-09-19,15502,16319,Actual
2023-09-20,16558,16832,Actual
2023-09-21,17935,17054,Actual
2023-09-22,17912,19567,Actual
2023-09-23,16965,21506,Actual
2023-09-24,15387,15009,Actual
2023-09-25,15501,16534,Actual
2023-09-26,16322,17515,Actual
2023-09-27,17361,19089,Actual
2023-09-28,18374,21323,Actual
2023-09-29,18700,29934,Actual
2023-09-30,17849,25445,Actual
2023-10-01,19169,14906,Actual
2023-10-02,20700,15249,Actual
2023-10-03,21285,15556,Actual
2023-10-04,20191,15532,Actual
2023-10-05,17091,14889,Actual
2023-10-06,15891,18313,Actual
2023-10-07,15425,19975,Actual
2023-10-08,15008,14309,Actual
2023-10-09,16243,15956,Actual
2023-10-10,16758,16788,Actual
2023-10-11,16807,16882,Actual
2023-10-12,18426,16692,Actual
2023-10-13,18136,18990,Actual
2023-10-14,17664,21067,Actual
2023-10-15,17262,16921,Actual
2023-10-16,18794,18573,Actual
2023-10-17,19704,19168,Actual
2023-10-18,21209,20149,Actual
2023-10-19,22590,19637,Actual
2023-10-20,24828,20975,Actual
2023-10-21,25241,21761,Actual
2023-10-22,22877,16308,Actual
2023-10-23,23235,18320,Actual
2023-10-24,23736,19020,Actual
2023-10-25,23988,18965,Actual
2023-10-26,24791,19716,Actual
2023-10-27,24696,21918,Actual
2023-10-28,23204,22900,Actual
2023-10-29,22134,17378,Actual
2023-10-30,22833,18755,Actual
2023-10-31,24171,19108,Actual
2023-11-01,24961,19264,Actual
2023-11-02,25573,18666,Actual
2023-11-03,25223,21100,Actual
2023-11-04,23443,22630,Actual
2023-11-05,22136,17155,Actual
2023-11-06,21202,18958,Actual
2023-11-07,20965,18882,Actual
2023-11-08,20845,17658,Actual
2023-11-09,21077,17546,Actual
2023-11-10,21298,20356,Actual
2023-11-11,20556,22753,Actual
2023-11-12,19593,16335,Actual
2023-11-13,20376,18078,Actual
2023-11-14,21163,19268,Actual
2023-11-15,21275,19326,Actual
2023-11-16,22296,19208,Actual
2023-11-17,23599,21967,Actual
2023-11-18,23853,23270,Actual
2023-11-19,24081,17844,Actual
2023-11-20,24514,18665,Actual
2023-11-21,24599,18767,Actual
2023-11-22,24168,18010,Actual
2023-11-23,22809,16891,Actual
2023-11-24,23366,18988,Actual
2023-11-25,24000,20818,Actual
2023-11-26,24030,17674,Actual
2023-11-27,20140,18103,Actual
2023-11-28,19391,18512,Actual
2023-11-29,18475,18361,Actual
2023-11-30,19048,18020,Actual
2023-12-01,19413,23690,Actual
2023-12-02,19275,29662,Actual
2023-12-03,18159,21960,Actual
2023-12-04,18444,15751,Actual
2023-12-05,19306,17509,Actual
2023-12-06,19930,17997,Actual
2023-12-07,20390,18090,Actual
2023-12-08,20572,19345,Actual
2023-12-09,19591,21513,Actual
2023-12-10,18415,16778,Actual
2023-12-11,18282,18093,Actual
2023-12-12,18522,18840,Actual
2023-12-13,18508,18669,Actual
2023-12-14,19273,18075,Actual
2023-12-15,20434,21595,Actual
2023-12-16,20503,21400,Actual
2023-12-17,19898,18150,Actual
2023-12-18,19604,19955,Actual
2023-12-19,20359,21013,Actual
2023-12-20,21107,20913,Actual
2023-12-21,22803,20331,Actual
2023-12-22,24642,20787,Actual
2023-12-23,25458,21817,Actual
2023-12-24,25478,19715,Actual
2023-12-25,26384,19795,Actual
2023-12-26,29219,20907,Actual
2023-12-27,32083,22151,Actual
2023-12-28,34627,21559,Actual
2023-12-29,34113,21338,Actual
2023-12-30,32031,23381,Actual
2023-12-31,30919,26442,Actual
2024-01-01,29485,15510,Actual
2024-01-02,29414,16329,Actual
2024-01-03,28786,16864,Actual
2024-01-04,28275,16520,Actual
2024-01-05,26940,17634,Actual
2024-01-06,25534,19170,Actual
2024-01-07,23526,14971,Actual
2024-01-08,22907,16081,Actual
2024-01-09,22640,16362,Actual
2024-01-10,22719,16644,Actual
2024-01-11,22195,16155,Actual
2024-01-12,21469,16976,Actual
2024-01-13,20807,17974,Actual
2024-01-14,19819,13667,Actual
2024-01-15,20719,14814,Actual
2024-01-16,21234,15417,Actual
2024-01-17,21607,15707,Actual
2024-01-18,22247,15660,Actual
2024-01-19,22110,17937,Actual
2024-01-20,22205,19531,Actual
2024-01-21,22403,15096,Actual
2024-01-22,23157,16779,Actual
2024-01-23,23740,17406,Actual
2024-01-24,23824,17688,Actual
2024-01-25,23868,17137,Actual
2024-01-26,23540,20015,Actual
2024-01-27,22959,22437,Actual
2024-01-28,22200,15959,Actual
2024-01-29,22412,16490,Actual
2024-01-30,22355,17326,Actual
2024-01-31,21850,16907,Actual
2024-02-01,22979,16692,Actual
2024-02-02,22889,19468,Actual
2024-02-03,22932,21266,Actual
2024-02-04,22765,15847,Actual
2024-02-05,22767,16701,Actual
2024-02-06,24037,17661,Actual
2024-02-07,25738,17829,Actual
2024-02-08,27140,18059,Actual
2024-02-09,27865,19838,Actual
2024-02-10,28546,21686,Actual
2024-02-11,29169,17407,Actual
2024-02-12,29021,17165,Actual
2024-02-13,29989,17587,Actual
2024-02-14,29842,17980,Actual
2024-02-15,29688,17679,Actual
2024-02-16,29307,19134,Actual
2024-02-17,27927,20889,Actual
2024-02-18,26408,16132,Actual
2024-02-19,26340,17138,Actual
2024-02-20,26420,17450,Actual
2024-02-21,27782,17006,Actual
2024-02-22,28654,16853,Actual
2024-02-23,28337,18642,Actual
2024-02-24,26499,19292,Actual
2024-02-25,25336,15382,Actual
2024-02-26,24674,16477,Actual
2024-02-27,24652,17381,Actual
2024-02-28,24284,17325,Actual
2024-02-29,24071,16930,Actual
2024-03-01,24185,19730,Actual
2024-03-02,23683,21167,Actual
2024-03-03,22857,15101,Actual
2024-03-04,23731,16469,Actual
2024-03-05,24056,16470,Actual
2024-03-06,24666,17131,Actual
2024-03-07,24657,16317,Actual
2024-03-08,23677,16606,Actual
2024-03-09,20839,16616,Actual
2024-03-10,18720,11511,Actual
2024-03-11,18450,10930,Actual
2024-03-12,17928,11481,Actual
2024-03-13,17790,11407,Actual
2024-03-14,18258,11081,Actual
2024-03-15,18789,12776,Actual
2024-03-16,19695,14202,Actual
2024-03-17,19946,10995,Actual
2024-03-18,20131,12113,Actual
2024-03-19,20620,12642,Actual
2024-03-20,21346,12814,Actual
2024-03-21,22697,12589,Actual
2024-03-22,23792,13688,Actual
2024-03-23,24785,15439,Actual
2024-03-24,25159,12876,Actual
2024-03-25,25813,14261,Actual
2024-03-26,25612,14590,Actual
2024-03-27,25668,14906,Actual
2024-03-28,26420,14432,Actual
2024-03-29,26185,15387,Actual
2024-03-30,25766,16702,Actual
2024-03-31,23648,13047,Actual
2024-04-01,23342,13832,Actual
2024-04-02,23137,14061,Actual
2024-04-03,22085,13612,Actual
2024-04-04,22212,13262,Actual
2024-04-05,22116,14159,Actual
2024-04-06,22708,16599,Actual
2024-04-07,22362,16228,Actual
2024-04-08,23918,18627,Actual
2024-04-09,24837,20392,Actual
2024-04-10,26260,26470,Actual
2024-04-11,28386,30511,Actual
2024-04-12,26788,28486,Actual
2024-04-13,24448,21536,Actual
2024-04-14,21655,13750,Actual
2024-04-15,23455,15154,Actual
2024-04-16,24674,16046,Actual
2024-04-17,25305,16186,Actual
2024-04-18,25067,16163,Actual
2024-04-19,24754,17672,Actual
2024-04-20,23390,18953,Actual
2024-04-21,22675,15262,Actual
2024-04-22,24365,16729,Actual
2024-04-23,25300,16607,Actual
2024-04-24,25511,16820,Actual
2024-04-25,25891,16414,Actual
2024-04-26,25207,18878,Actual
2024-04-27,25324,21509,Actual
2024-04-28,24813,15234,Actual
2024-04-29,26389,15966,Actual
2024-04-30,28056,16264,Actual
2024-05-01,27865,16202,Actual
2024-05-02,28025,16176,Actual
2024-05-03,27251,17931,Actual
2024-05-04,25692,19717,Actual
2024-05-05,23887,14097,Actual
2024-05-06,23934,15102,Actual
2024-05-07,24494,15490,Actual
2024-05-08,24887,15800,Actual
2024-05-09,25064,15343,Actual
2024-05-10,23461,17560,Actual
2024-05-11,21083,19619,Actual
2024-05-12,19357,13237,Actual
2024-05-13,19290,14835,Actual
2024-05-14,19529,15440,Actual
2024-05-15,19762,15437,Actual
2024-05-16,19807,15335,Actual
2024-05-17,20456,18552,Actual
2024-05-18,20126,19973,Actual
2024-05-19,19514,13530,Actual
2024-05-20,20140,14676,Actual
2024-05-21,21096,15328,Actual
2024-05-22,21524,15681,Actual
2024-05-23,22055,15241,Actual
2024-05-24,22008,18212,Actual
2024-05-25,21247,20106,Actual
2024-05-26,20659,13421,Actual
2024-05-27,21569,15175,Actual
2024-05-28,21807,15699,Actual
2024-05-29,21267,15834,Actual
2024-05-30,20995,15251,Actual
2024-05-31,20835,17391,Actual
2024-06-01,19513,20213,Actual
2024-06-02,18096,13454,Actual
2024-06-03,18872,15040,Actual
2024-06-04,18901,15786,Actual
2024-06-05,18684,15511,Actual
2024-06-06,18706,14962,Actual
2024-06-07,18298,16771,Actual
2024-06-08,17562,19008,Actual
2024-06-09,16805,12695,Actual
2024-06-10,16740,13344,Actual
2024-06-11,17127,13736,Actual
2024-06-12,16513,13191,Actual
2024-06-13,17094,12356,Actual
2024-06-14,18815,13581,Actual
2024-06-15,20757,22725,Actual
2024-06-16,21828,32803,Actual
2024-06-17,22114,30776,Actual
2024-06-18,20298,17286,Actual
2024-06-19,20028,15494,Actual
2024-06-20,19530,14829,Actual
2024-06-21,18329,16181,Actual
2024-06-22,17105,17719,Actual
2024-06-23,17234,13364,Actual
2024-06-24,18062,15151,Actual
2024-06-25,18704,16018,Actual
2024-06-26,18654,16683,Actual
2024-06-27,18618,16576,Actual
2024-06-28,18487,19692,Actual
2024-06-29,17821,21588,Actual
2024-06-30,17745,15821,Actual
2024-07-01,19475,17492,Actual
2024-07-02,19205,17910,Actual
2024-07-03,19757,17688,Actual
2024-07-04,19532,17176,Actual
2024-07-05,19717,18823,Actual
2024-07-06,18797,20947,Actual
2024-07-07,18213,15245,Actual
2024-07-08,19064,17081,Actual
2024-07-09,19293,17934,Actual
2024-07-10,19346,17697,Actual
2024-07-11,19319,16540,Actual
2024-07-12,18647,17732,Actual
2024-07-13,18087,19835,Actual
2024-07-14,18539,15626,Actual
2024-07-15,20101,17707,Actual
2024-07-16,20912,18112,Actual
2024-07-17,20442,18488,Actual
2024-07-18,20322,16952,Actual
2024-07-19,20135,17064,Actual
2024-07-20,19795,19171,Actual
2024-07-21,20157,14765,Actual
2024-07-22,20890,16630,Actual
2024-07-23,21520,17727,Actual
2024-07-24,21965,17931,Actual
2024-07-25,22141,16634,Actual
2024-07-26,23126,19200,Actual
2024-07-27,23553,21815,Actual
2024-07-28,23010,16675,Actual
2024-07-29,23742,18744,Actual
2024-07-30,23094,19374,Actual
2024-07-31,22814,18408,Actual
2024-08-01,23413,17460,Actual
2024-08-02,24312,18796,Actual
2024-08-03,24636,21046,Actual
2024-08-04,24474,16390,Actual
2024-08-05,25348,18607,Actual
2024-08-06,26231,19314,Actual
2024-08-07,25837,19518,Actual
2024-08-08,25612,18033,Actual
2024-08-09,25225,19136,Actual
2024-08-10,24529,21371,Actual
2024-08-11,24189,15852,Actual
2024-08-12,24538,18080,Actual
2024-08-13,25117,18986,Actual
2024-08-14,25956,19265,Actual
2024-08-15,25233,18268,Actual
2024-08-16,24011,19657,Actual
2024-08-17,22705,21730,Actual
2024-08-18,22289,15694,Actual
2024-08-19,23189,17526,Actual
2024-08-20,23334,18274,Actual
2024-08-21,23296,18337,Actual
2024-08-22,23543,17388,Actual
2024-08-23,22488,18170,Actual
2024-08-24,20560,18567,Actual
2024-08-25,20602,12812,Actual
2024-08-26,21237,14273,Actual
2024-08-27,21217,15786,Actual
2024-08-28,21041,15799,Actual
2024-08-29,21014,15124,Actual
2024-08-30,20717,17618,Actual
2024-08-31,18809,19926,Actual
2024-09-01,18590,13940,Actual
2024-09-02,19322,15293,Actual
2024-09-03,20122,15656,Actual
2024-09-04,19966,15717,Actual
2024-09-05,19796,14630,Actual
2024-09-06,19890,16809,Actual
2024-09-07,18687,19237,Actual
2024-09-08,18532,13272,Actual
2024-09-09,19530,14257,Actual
2024-09-10,20169,14537,Actual
2024-09-11,20277,14825,Actual
2024-09-12,20912,13837,Actual
2024-09-13,20693,16401,Actual
2024-09-14,20561,19931,Actual
2024-09-15,19606,13216,Actual
2024-09-16,19906,14352,Actual
2024-09-17,20000,14529,Actual
2024-09-18,20764,14494,Actual
2024-09-19,23415,13856,Actual
2024-09-20,25005,15506,Actual
2024-09-21,24413,18060,Actual
2024-09-22,22896,12499,Actual
2024-09-23,21632,13939,Actual
2024-09-24,22315,14672,Actual
2024-09-25,22327,15164,Actual
2024-09-26,21966,15057,Actual
2024-09-27,23179,18259,Actual
2024-09-28,22153,21277,Actual
2024-09-29,21059,14103,Actual
2024-09-30,20543,15134,Actual
2024-10-01,20842,14742,Actual
2024-10-02,22468,15343,Actual
2024-10-03,24217,14648,Actual
2024-10-04,24697,17622,Actual
2024-10-05,22597,19510,Actual
2024-10-06,21682,13354,Actual
2024-10-07,21081,14337,Actual
2024-10-08,22020,15163,Actual
2024-10-09,22195,15359,Actual
2024-10-10,22507,14746,Actual
2024-10-11,23464,18195,Actual
2024-10-12,22795,20238,Actual
2024-10-13,23063,14340,Actual
2024-10-14,24306,15836,Actual
2024-10-15,25085,16508,Actual
2024-10-16,26195,16222,Actual
2024-10-17,26842,16441,Actual
2024-10-18,26591,18883,Actual
2024-10-19,24963,20978,Actual
2024-10-20,24725,13833,Actual
2024-10-21,26667,14686,Actual
2024-10-22,28807,14509,Actual
2024-10-23,30474,14334,Actual
2024-10-24,31325,14321,Actual
2024-10-25,32329,15953,Actual
2024-10-26,32547,17053,Actual
2024-10-27,31049,13665,Actual
2024-10-28,31045,14472,Actual
2024-10-29,31295,14676,Actual
2024-10-30,30593,15355,Actual
2024-10-31,30033,14945,Actual
2024-11-01,29242,17310,Actual
2024-11-02,26756,18303,Actual
2024-11-03,26065,12684,Actual
2024-11-04,26502,12957,Actual
2024-11-05,26783,13118,Actual
2024-11-06,26667,12950,Actual
2024-11-07,24156,12131,Actual
2024-11-08,26859,15661,Actual
2024-11-09,28558,20259,Actual
2024-11-10,28605,13344,Actual
2024-11-11,29190,14781,Actual
2024-11-12,29049,15079,Actual
2024-11-13,28397,15308,Actual
2024-11-14,28354,14922,Actual
2024-11-15,27677,16847,Actual
2024-11-16,26016,18434,Actual
2024-11-17,25223,13531,Actual
2024-11-18,26223,15002,Actual
2024-11-19,26824,15514,Actual
2024-11-20,27283,15273,Actual
2024-11-21,26882,14893,Actual
2024-11-22,26154,17132,Actual
2024-11-23,23851,19161,Actual
2024-11-24,22563,13331,Actual
2024-11-25,22505,15226,Actual
2024-11-26,22888,15494,Actual
2024-11-27,22492,15853,Actual
2024-11-28,22500,14655,Actual
2024-11-29,22608,16643,Actual
2024-11-30,22149,23498,Actual
2024-12-01,20238,25973,Actual
2024-12-02,19824,21301,Actual
2024-12-03,19942,12313,Actual
2024-12-04,22388,13213,Actual
2024-12-05,25785,13218,Actual
2024-12-06,28634,14691,Actual
2024-12-07,29898,14975,Actual
2024-12-08,29747,12377,Actual
2024-12-09,24235,14293,Actual
2024-12-10,24135,15070,Actual
2024-12-11,23165,15603,Actual
2024-12-12,22875,14964,Actual
2024-12-13,22775,18471,Actual
2024-12-14,22945,19333,Actual
2024-12-15,23110,15130,Actual
2024-12-16,23962,16061,Actual
2024-12-17,25664,16915,Actual
2024-12-18,26485,16631,Actual
2024-12-19,27584,16370,Actual
2024-12-20,27530,16753,Actual
2024-12-21,27585,18531,Actual
2024-12-22,27736,15521,Actual
2024-12-23,28465,16163,Actual
2024-12-24,30246,17433,Actual
2024-12-25,33122,17029,Actual
2024-12-26,36387,16692,Actual
2024-12-27,38650,17185,Actual
2024-12-28,40036,17771,Actual
2024-12-29,38413,15319,Actual
2024-12-30,36506,15344,Actual
2024-12-31,35956,21039,Actual
2025-01-01,37526,15120,Actual
2025-01-02,38506,15411,Actual
2025-01-03,36930,15816,Actual
2025-01-04,33364,15863,Actual
2025-01-05,29762,12094,Actual
2025-01-06,28831,13302,Actual
2025-01-07,28843,13754,Actual
2025-01-08,30666,13600,Actual
2025-01-09,32080,14186,Actual
2025-01-10,30348,13356,Actual
2025-01-11,30818,17179,Actual
2025-01-12,29246,12408,Actual
2025-01-13,28860,12717,Actual
2025-01-14,29854,13926,Actual
2025-01-15,28157,13379,Actual
2025-01-16,27543,13198,Actual
2025-01-17,27114,14425,Actual
2025-01-18,26505,15722,Actual
2025-01-19,26784,11754,Actual
2025-01-20,26886,12940,Actual
2025-01-21,27498,13205,Actual
2025-01-22,27748,13945,Actual
2025-01-23,27391,12725,Actual
2025-01-24,27309,14355,Actual
2025-01-25,26470,15998,Actual
2025-01-26,26164,11897,Actual
2025-01-27,27647,14198,Actual
2025-01-28,28760,14521,Actual
2025-01-29,29150,14614,Actual
2025-01-30,30150,14357,Actual
2025-01-31,28737,15521,Actual
2025-02-01,27692,17329,Actual
2025-02-02,26013,12759,Actual
2025-02-03,25978,14437,Actual
2025-02-04,26794,14846,Actual
2025-02-05,27267,15173,Actual
2025-02-06,28334,14660,Actual
2025-02-07,28451,16690,Actual
2025-02-08,27622,18281,Actual
2025-02-09,26199,13841,Actual
2025-02-10,26929,15282,Actual
2025-02-11,27492,15305,Actual
2025-02-12,27373,15241,Actual
2025-02-13,27732,14713,Actual
2025-02-14,28904,17518,Actual
2025-02-15,28607,18451,Actual
2025-02-16,26882,11107,Actual
2025-02-17,27197,11581,Actual
2025-02-18,27419,11717,Actual
2025-02-19,27028,11900,Actual
2025-02-20,26659,12061,Actual
2025-02-21,27753,14649,Actual
2025-02-22,27626,17675,Actual
2025-02-23,27549,12514,Actual
2025-02-24,29094,13781,Actual
2025-02-25,29611,14639,Actual
2025-02-26,27469,14901,Actual
2025-02-27,25608,14321,Actual
2025-02-28,22853,11961,Actual
2025-03-01,22271,12000,Actual
2025-03-02,21205,8827,Actual
2025-03-03,20218,9677,Actual
2025-03-04,20446,10222,Actual
2025-03-05,20939,10622,Actual
2025-03-06,21579,10185,Actual
2025-03-07,21743,11380,Actual
2025-03-08,21666,12637,Actual
2025-03-09,20641,9292,Actual
2025-03-10,20847,10396,Actual
2025-03-11,21157,11142,Actual
2025-03-12,20616,10801,Actual
2025-03-13,21314,10144,Actual
2025-03-14,21952,11522,Actual
2025-03-15,22210,13375,Actual
2025-03-16,22000,9695,Actual
2025-03-17,22407,10836,Actual
2025-03-18,22847,11505,Actual
2025-03-19,23867,11583,Actual
2025-03-20,24291,10973,Actual
2025-03-21,25794,12235,Actual
2025-03-22,26011,14056,Actual
2025-03-23,25137,11275,Actual
2025-03-24,24589,12377,Actual
2025-03-25,24866,12726,Actual
2025-03-26,23525,12705,Actual
2025-03-27,23443,11914,Actual
2025-03-28,25368,13171,Actual
2025-03-29,27122,18953,Actual
2025-03-30,28081,26033,Actual
2025-03-31,29666,28868,Actual
2025-04-01,31314,21754,Actual
2025-04-02,32501,19652,Actual
2025-04-03,33341,19109,Actual
2025-04-04,30602,19290,Actual
2025-04-05,28120,19328,Actual
2025-04-06,26233,15150,Actual
2025-04-07,27817,16375,Actual
2025-04-08,29053,16466,Actual
2025-04-09,29487,16214,Actual
2025-04-10,30059,16039,Actual
2025-04-11,30583,16949,Actual
2025-04-12,30147,18306,Actual
2025-04-13,29775,12997,Actual
2025-04-14,31759,14276,Actual
2025-04-15,32275,14619,Actual
2025-04-16,33221,14328,Actual
2025-04-17,34350,13800,Actual
2025-04-18,34701,17022,Actual
2025-04-19,32198,18963,Actual
2025-04-20,30012,12913,Actual
2025-04-21,29524,13532,Actual
2025-04-22,29965,14190,Actual
2025-04-23,30543,13944,Actual
2025-04-24,31100,13795,Actual
2025-04-25,31159,17471,Actual
2025-04-26,29291,21378,Actual
2025-04-27,27571,13971,Actual
2025-04-28,27515,15213,Actual
2025-04-29,28110,15944,Actual
2025-04-30,29466,15770,Actual
2025-05-01,31751,14540,Actual
2025-05-02,33057,17874,Actual
2025-05-03,30896,19425,Actual
2025-05-04,28971,13264,Actual
2025-05-05,27806,14497,Actual
2025-05-06,27109,14436,Actual
2025-05-07,27479,14523,Actual
2025-05-08,26990,14331,Actual
2025-05-09,24889,17118,Actual
2025-05-10,22706,18844,Actual
2025-05-11,20991,12794,Actual
2025-05-12,21759,13764,Actual
2025-05-13,22251,14281,Actual
2025-05-14,22904,14518,Actual
2025-05-15,23253,14041,Actual
2025-05-16,22559,16969,Actual
2025-05-17,21223,19534,Actual
2025-05-18,21176,14011,Actual
2025-05-19,21549,14989,Actual
2025-05-20,21947,15480,Actual
2025-05-21,21775,15321,Actual
2025-05-22,21951,13517,Actual
2025-05-23,22310,15110,Actual
2025-05-24,21804,17707,Actual
2025-05-25,22244,12491,Actual
2025-05-26,23480,14430,Actual
2025-05-27,24762,16049,Actual
2025-05-28,24437,15760,Actual
2025-05-29,24817,14487,Actual
2025-05-30,24689,17315,Actual
2025-05-31,23294,19361,Actual
2025-06-01,21917,12404,Actual
2025-06-02,20874,13356,Actual
2025-06-03,20807,13579,Actual
2025-06-04,21344,12461,Actual
2025-06-05,24001,24823,Actual
2025-06-06,25748,35485,Actual
2025-06-07,26340,32633,Actual
2025-06-08,25088,13872,Actual
2025-06-09,23976,13268,Actual
2025-06-10,23914,14495,Actual
2025-06-11,23006,14240,Actual
2025-06-12,22523,14058,Actual
2025-06-13,23202,16015,Actual
2025-06-14,22512,19106,Actual
2025-06-15,22701,13078,Actual
2025-06-16,22646,14983,Actual
2025-06-17,22523,16045,Actual
2025-06-18,21704,15867,Actual
2025-06-19,21156,14781,Actual
2025-06-20,20888,17167,Actual
2025-06-21,20381,20188,Actual
2025-06-22,20507,14501,Actual
2025-06-23,20540,16043,Actual
2025-06-24,20988,16336,Actual
2025-06-25,19807,16833,Actual
2025-06-26,19566,17699,Actual
2025-06-27,19577,27905,Actual
2025-06-28,18273,26289,Actual
2025-06-29,16974,16228,Actual
2025-06-30,17193,17728,Actual
2025-07-01,17972,18750,Actual
2025-07-02,18545,18497,Actual
2025-07-03,19307,16981,Actual
2025-07-04,19774,18713,Actual
2025-07-05,19591,21236,Actual
2025-07-06,19698,15942,Actual
2025-07-07,20385,17540,Actual
2025-07-08,21310,18514,Actual
2025-07-09,21325,18997,Actual
2025-07-10,21417,17523,Actual
2025-07-11,21605,18898,Actual
2025-07-12,20636,21725,Actual
2025-07-13,20802,16089,Actual
2025-07-14,22337,18471,Actual
2025-07-15,23114,19531,Actual
2025-07-16,23429,19111,Actual
2025-07-17,23003,17482,Actual
2025-07-18,23139,19194,Actual
2025-07-19,22833,21165,Actual
2025-07-20,23164,15799,Actual
2025-07-21,24735,17755,Actual
2025-07-22,26300,18730,Actual
2025-07-23,26199,18305,Actual
2025-07-24,26674,16972,Actual
2025-07-25,27168,19185,Actual
2025-07-26,26630,21662,Actual
2025-07-27,26031,17211,Actual
2025-07-28,27236,19020,Actual
2025-07-29,27895,20271,Actual
2025-07-30,26743,20218,Actual
2025-07-31,26105,18442,Actual
2025-08-01,27266,20354,Forecast
2025-08-02,26791,21783,Forecast
2025-08-03,26231,16532,Forecast
2025-08-04,26862,18496,Forecast
2025-08-05,27820,19288,Forecast
2025-08-06,27154,19717,Forecast
2025-08-07,27268,17919,Forecast
2025-08-08,28217,19201,Forecast
2025-08-09,27666,19694,Forecast
2025-08-10,26044,15713,Forecast
2025-08-11,27141,17745,Forecast
2025-08-12,26736,19487,Forecast
2025-08-13,27202,19823,Forecast
2025-08-14,27711,18251,Forecast
2025-08-15,27511,19234,Forecast
2025-08-16,26138,21427,Forecast
2025-08-17,25271,16363,Forecast
2025-08-18,26922,17997,Forecast
2025-08-19,27516,18907,Forecast
2025-08-20,27243,19185,Forecast
2025-08-21,26227,17497,Forecast
2025-08-22,25353,18364,Forecast
2025-08-23,23929,19502,Forecast
2025-08-24,22942,13143,Forecast
2025-08-25,23287,14575,Forecast
2025-08-26,23293,15451,Forecast
2025-08-27,22923,16340,Forecast
2025-08-28,22823,16086,Forecast
2025-08-29,21575,19096,Forecast
2025-08-30,20449,20956,Forecast
2025-08-31,19390,14421,Forecast
2025-09-01,20249,16320,Forecast
2025-09-02,20446,15376,Forecast
2025-09-03,21335,15200,Forecast
2025-09-04,22033,18165,Forecast
2025-09-05,21917,30493,Forecast
2025-09-06,20442,20879,Forecast
2025-09-07,18909,13502,Forecast
2025-09-08,19222,14836,Forecast
2025-09-09,19932,14894,Forecast
2025-09-10,20864,14768,Forecast
2025-09-11,20805,13998,Forecast
2025-09-12,20227,16882,Forecast
2025-09-13,19095,18993,Forecast
2025-09-14,18738,12628,Forecast
2025-09-15,19265,14313,Forecast
2025-09-16,20578,14755,Forecast
2025-09-17,21039,14604,Forecast
2025-09-18,21347,14079,Forecast
2025-09-19,21164,16363,Forecast
2025-09-20,20957,19100,Forecast
2025-09-21,20550,12805,Forecast
2025-09-22,21370,14649,Forecast
2025-09-23,22257,15204,Forecast
2025-09-24,22256,15242,Forecast
2025-09-25,23264,14238,Forecast
2025-09-26,23405,19188,Forecast
2025-09-27,24119,22262,Forecast
2025-09-28,23190,14694,Forecast
2025-09-29,23951,14777,Forecast
2025-09-30,25017,15142,Forecast
2025-10-01,27916,14175,Forecast
2025-10-02,27974,14265,Forecast
2025-10-03,28504,16684,Forecast
2025-10-04,27258,17827,Forecast
2025-10-05,26437,13066,Forecast
2025-10-06,26340,14367,Forecast
2025-10-07,26692,14549,Forecast
2025-10-08,26345,13324,Forecast
2025-10-09,25496,13595,Forecast
2025-10-10,24363,15668,Forecast
2025-10-11,23375,18589,Forecast
2025-10-12,22427,15357,Forecast
2025-10-13,22929,16226,Forecast
2025-10-14,22885,16688,Forecast
2025-10-15,24389,18031,Forecast
2025-10-16,24544,18170,Forecast
2025-10-17,25906,16952,Forecast
2025-10-18,26432,19512,Forecast
2025-10-19,26005,13382,Forecast
2025-10-20,27063,14470,Forecast
2025-10-21,28442,15251,Forecast
2025-10-22,29188,15147,Forecast
2025-10-23,30578,14416,Forecast
2025-10-24,32341,16470,Forecast
2025-10-25,32884,18836,Forecast
2025-10-26,31471,13501,Forecast
2025-10-27,31046,14064,Forecast
2025-10-28,31162,14487,Forecast
2025-10-29,31014,14521,Forecast
2025-10-30,30257,14306,Forecast
2025-10-31,30756,16306,Forecast
2025-11-01,29581,16825,Forecast
2025-11-02,31690,13389,Forecast
2025-11-03,28503,12722,Forecast
2025-11-04,24536,12634,Forecast
2025-11-05,20643,12738,Forecast
2025-11-06,22799,13887,Forecast
2025-11-07,26443,16929,Forecast
2025-11-08,27625,18162,Forecast
2025-11-09,26838,12786,Forecast
2025-11-10,27515,13892,Forecast
2025-11-11,29736,13925,Forecast
2025-11-12,30967,14643,Forecast
2025-11-13,31210,13660,Forecast
2025-11-14,31008,14871,Forecast
2025-11-15,30378,16586,Forecast
2025-11-16,29878,14020,Forecast
2025-11-17,29201,15143,Forecast
2025-11-18,29475,14230,Forecast
2025-11-19,30212,14225,Forecast
2025-11-20,30010,13995,Forecast
2025-11-21,32339,15497,Forecast
2025-11-22,31304,16213,Forecast
2025-11-23,30418,14177,Forecast
2025-11-24,31020,14246,Forecast
2025-11-25,30740,13729,Forecast
2025-11-26,29517,13302,Forecast
2025-11-27,28443,13282,Forecast
2025-11-28,26877,15781,Forecast
2025-11-29,25299,21091,Forecast
2025-11-30,23208,20947,Forecast
2025-12-01,22622,19238,Forecast
2025-12-02,22885,14703,Forecast
2025-12-03,25728,13868,Forecast
2025-12-04,28855,14153,Forecast
2025-12-05,29511,13306,Forecast
2025-12-06,25630,13495,Forecast
2025-12-07,22480,12972,Forecast
2025-12-08,26425,14920,Forecast
2025-12-09,29122,14104,Forecast
2025-12-10,29991,14886,Forecast
2025-12-11,27515,14470,Forecast
2025-12-12,27005,17660,Forecast
2025-12-13,25889,17461,Forecast
2025-12-14,26647,15202,Forecast
2025-12-15,26252,16080,Forecast
2025-12-16,27166,16230,Forecast
2025-12-17,26583,16973,Forecast
2025-12-18,27326,15756,Forecast
2025-12-19,30110,16575,Forecast
2025-12-20,30660,17738,Forecast
2025-12-21,30937,15495,Forecast
2025-12-22,30065,16421,Forecast
2025-12-23,31521,17182,Forecast
2025-12-24,32921,18179,Forecast
2025-12-25,34030,16427,Forecast
2025-12-26,36157,16480,Forecast
2025-12-27,38640,18195,Forecast
2025-12-28,39323,14845,Forecast
2025-12-29,38168,14513,Forecast
2025-12-30,37407,15308,Forecast
2025-12-31,35262,20160,Forecast
2026-01-01,36468,15945,Forecast
2026-01-02,37320,15044,Forecast
2026-01-03,34678,15573,Forecast
2026-01-04,31890,11853,Forecast
2026-01-05,30462,13947,Forecast
2026-01-06,29634,13230,Forecast
2026-01-07,30716,14699,Forecast
2026-01-08,31177,12215,Forecast
2026-01-09,30900,15445,Forecast
2026-01-10,30450,16187,Forecast
2026-01-11,29889,12052,Forecast
2026-01-12,31345,13932,Forecast
2026-01-13,31441,11766,Forecast
2026-01-14,31097,11817,Forecast
2026-01-15,30493,12451,Forecast
2026-01-16,29559,14570,Forecast
2026-01-17,29061,16878,Forecast
2026-01-18,28069,12004,Forecast
2026-01-19,29151,13279,Forecast
2026-01-20,29317,14290,Forecast
2026-01-21,28375,12387,Forecast
2026-01-22,27926,11482,Forecast
2026-01-23,28258,15015,Forecast
2026-01-24,27978,16130,Forecast
2026-01-25,28172,12188,Forecast
2026-01-26,28553,13951,Forecast
2026-01-27,28397,14915,Forecast
2026-01-28,28081,14761,Forecast
2026-01-29,27529,14780,Forecast
2026-01-30,27750,15783,Forecast
2026-01-31,26490,17145,Forecast
2026-02-01,26284,13123,Forecast
2026-02-02,27295,14360,Forecast
2026-02-03,28311,14482,Forecast
2026-02-04,28295,13447,Forecast
2026-02-05,29269,13904,Forecast
2026-02-06,29601,15217,Forecast
2026-02-07,27550,16141,Forecast
2026-02-08,27417,12399,Forecast
2026-02-09,27578,14182,Forecast
2026-02-10,28814,13518,Forecast
2026-02-11,28866,14866,Forecast
2026-02-12,29786,14635,Forecast
2026-02-13,29938,16893,Forecast
2026-02-14,30242,18571,Forecast
2026-02-15,29456,14736,Forecast
2026-02-16,29755,15798,Forecast
2026-02-17,29487,13573,Forecast
2026-02-18,28556,11716,Forecast
2026-02-19,28106,11409,Forecast
2026-02-20,28405,12489,Forecast
2026-02-21,28968,13208,Forecast
2026-02-22,28648,11313,Forecast
2026-02-23,27861,11583,Forecast
2026-02-24,27843,11477,Forecast
2026-02-25,27940,11623,Forecast
2026-02-26,26644,11009,Forecast
2026-02-27,26114,13265,Forecast
2026-02-28,29999,16294,Forecast
