Month,Guest_Nights,Type
2022-01,663436,Actual
2022-02,602411,Actual
2022-03,640879,Actual
2022-04,456871,Actual
2022-05,636491,Actual
2022-06,554809,Actual
2022-07,625050,Actual
2022-08,623980,Actual
2022-09,518661,Actual
2022-10,568422,Actual
2022-11,533121,Actual
2022-12,625286,Actual
2023-01,540694,Actual
2023-02,499966,Actual
2023-03,536253,Actual
2023-04,511841,Actual
2023-05,554772,Actual
2023-06,566194,Actual
2023-07,602826,Actual
2023-08,609587,Actual
2023-09,563891,Actual
2023-10,564676,Actual
2023-11,573073,Actual
2023-12,637221,Actual
2024-01,523163,Actual
2024-02,518896,Actual
2024-03,445476,Actual
2024-04,531382,Actual
2024-05,501391,Actual
2024-06,512354,Actual
2024-07,553123,Actual
2024-08,556803,Actual
2024-09,462459,Actual
2024-10,490267,Actual
2024-11,469294,Actual
2024-12,511682,Actual
2025-01,435486,Actual
2025-02,407333,Actual
2025-03,391127,Actual
2025-04,488758,Actual
2025-05,480781,Actual
2025-06,531466,Actual
2025-07,577929,Actual
2025-08,562547,Forecast
2025-09,488349,Forecast
2025-10,482202,Forecast
2025-11,447527,Forecast
2025-12,492995,Forecast
2026-01,435714,Forecast
2026-02,385231,Forecast
