Group,Type,Start,End,Status,Note
F1 Abu Dhabi Grand Prix,Sports event,2022-11-18,2022-11-20,Verified,Race day 20 Nov 2022
F1 Abu Dhabi Grand Prix,Sports event,2023-11-24,2023-11-26,Verified,Race day 26 Nov 2023
F1 Abu Dhabi Grand Prix,Sports event,2024-12-06,2024-12-08,Verified,Organiser listing 5-8 Dec 2024
F1 Abu Dhabi Grand Prix,Sports event,2025-12-05,2025-12-07,Verified,Race day 7 Dec 2025
F1 Abu Dhabi Grand Prix,Sports event,2026-12-04,2026-12-06,Verified,Race day 6 Dec 2026
ADIPEC,Convention,2022-10-31,2022-11-03,Please check,From memory
ADIPEC,Convention,2023-10-02,2023-10-05,Please check,From memory
ADIPEC,Convention,2024-11-04,2024-11-07,Verified,Listing
ADIPEC,Convention,2025-11-03,2025-11-06,Verified,Listing
ADIPEC,Convention,2026-11-02,2026-11-05,Verified,Listing (one source shows a conflicting end date)
Eid al-Fitr holiday,Holiday,2022-04-30,2022-05-04,Please check,From memory
Eid al-Fitr holiday,Holiday,2023-04-20,2023-04-23,Verified,Official holiday
Eid al-Fitr holiday,Holiday,2024-04-08,2024-04-12,Verified,Official holiday
Eid al-Fitr holiday,Holiday,2025-03-29,2025-04-01,Please check,From memory
Eid al-Fitr holiday,Holiday,2026-03-20,2026-03-22,Expected,Predicted; depends on moon sighting
Eid al-Adha holiday,Holiday,2022-07-07,2022-07-11,Please check,From memory
Eid al-Adha holiday,Holiday,2023-06-27,2023-06-30,Verified,Official holiday
Eid al-Adha holiday,Holiday,2024-06-15,2024-06-18,Verified,Official holiday
Eid al-Adha holiday,Holiday,2025-06-05,2025-06-08,Please check,From memory
Eid al-Adha holiday,Holiday,2026-05-26,2026-05-29,Expected,Predicted; depends on moon sighting
Ramadan,Season of observance,2022-04-02,2022-05-01,Please check,From memory
Ramadan,Season of observance,2023-03-23,2023-04-20,Please check,From memory
Ramadan,Season of observance,2024-03-11,2024-04-09,Please check,From memory
Ramadan,Season of observance,2025-03-01,2025-03-29,Please check,From memory
Ramadan,Season of observance,2026-02-19,2026-03-19,Expected,Predicted; depends on moon sighting
UAE National Day,Holiday,2022-12-02,2022-12-03,Please check,Fixed date
UAE National Day,Holiday,2023-12-01,2023-12-03,Verified,Official holiday
UAE National Day,Holiday,2024-12-02,2024-12-03,Verified,Official holiday
UAE National Day,Holiday,2025-12-02,2025-12-03,Please check,Fixed date
UAE National Day,Holiday,2026-12-02,2026-12-03,Expected,Fixed date
New Year,Holiday,2021-12-31,2022-01-01,Fixed date,
New Year,Holiday,2022-12-31,2023-01-01,Fixed date,
New Year,Holiday,2023-12-31,2024-01-01,Fixed date,
New Year,Holiday,2024-12-31,2025-01-01,Fixed date,
New Year,Holiday,2025-12-31,2026-01-01,Fixed date,
New Year,Holiday,2026-12-31,2027-01-01,Fixed date,
