Month,Nationality,Country,Guest_Nights,Check_ins,Avg_Stay,P2P,PAX,Seats,Transfer,Transit,Capture,Has_Direct_Flight
2025-08,ARMENIA,Armenia,18254,3342.0,5.461998803111909,10837.0,11226.0,12350.0,389.0,0.0,0.308387930238996,True
2025-08,AUSTRALIA,,8827,2981.0,2.9610868835961086,,,,,,,False
2025-08,AUSTRIA,Austria,3167,709.0,4.4668547249647395,4390.0,10947.0,11229.0,6557.0,0.0,0.16150341685649203,True
2025-08,AZERBAIJAN,Azerbaijan,2879,862.0,3.339907192575406,10132.0,10235.0,11536.0,103.0,0.0,0.08507698381365969,True
2025-08,BAHRAIN,Bahrain,26310,8735.0,3.012020606754436,19462.0,29156.0,34853.0,9694.0,0.0,0.4488233480628918,True
2025-08,BELGIUM,Belgium,3883,1092.0,3.5558608058608057,1751.0,9714.0,10404.0,7963.0,0.0,0.6236436322101656,True
2025-08,BRAZIL,,3170,658.0,4.817629179331307,,,,,,,False
2025-08,CANADA,Canada,9562,2301.0,4.1555845284658846,2088.0,14811.0,15066.0,12723.0,0.0,1.1020114942528736,True
2025-08,CHINA,China,48818,21434.0,2.2775963422599608,5587.0,12606.0,12957.0,7019.0,0.0,3.8364059423662074,True
2025-08,CZECHIA,,1543,519.0,2.973025048169557,,,,,,,False
2025-08,DENMARK,,235,110.0,2.1363636363636362,,,,,,,False
2025-08,EGYPT,Egypt,24249,3745.0,6.475033377837116,60939.0,63908.0,65608.0,2969.0,0.0,0.06145489752047129,True
2025-08,FINLAND,,34,11.0,3.090909090909091,,,,,,,False
2025-08,FRANCE,France,25954,7073.0,3.669447193552948,6601.0,23907.0,24874.0,17306.0,0.0,1.0715043175276473,True
2025-08,GERMANY,Germany,26428,5447.0,4.851845052322379,8550.0,40402.0,41217.0,31852.0,0.0,0.6370760233918129,True
2025-08,INDIA,India,84238,21090.0,3.9942152678994782,258873.0,378052.0,395094.0,119179.0,0.0,0.08146851931255866,True
2025-08,IRELAND,Ireland,4324,1060.0,4.079245283018868,2645.0,15129.0,15666.0,12484.0,0.0,0.4007561436672968,True
2025-08,ISRAEL,Israel,17371,5755.0,3.0184187662901825,4148.0,17510.0,19876.0,13362.0,0.0,1.3874156219864995,True
2025-08,ITALY,Italy,16889,4702.0,3.5918757975329645,6128.0,36347.0,39299.0,30219.0,0.0,0.7672976501305483,True
2025-08,JAPAN,Japan,5180,1477.0,3.5071090047393363,1829.0,18328.0,19331.0,16499.0,0.0,0.8075451066156369,True
2025-08,JORDAN,Jordan,8226,1841.0,4.468223791417707,31090.0,33307.0,34583.0,2085.0,132.0,0.059215181730459955,True
2025-08,KAZAKHSTAN,Kazakhstan,12376,2648.0,4.673716012084592,8816.0,8891.0,9796.0,75.0,0.0,0.3003629764065336,True
2025-08,KUWAIT,Kuwait,69900,21732.0,3.2164549972390946,13789.0,26056.0,28390.0,12267.0,0.0,1.5760388715642903,True
2025-08,LEBANON,Lebanon,3531,700.0,5.0442857142857145,16478.0,20435.0,21848.0,3957.0,0.0,0.04248088360237893,True
2025-08,MEXICO,,1123,320.0,3.509375,,,,,,,False
2025-08,MOROCCO,,3824,1305.0,2.9302681992337165,,,,,,,False
2025-08,NETHERLANDS,Netherlands,8686,2343.0,3.7072129748186087,2126.0,10688.0,11496.0,8562.0,0.0,1.1020696142991533,True
2025-08,NORWAY,,347,115.0,3.017391304347826,,,,,,,False
2025-08,OMAN,Oman,27886,14224.0,1.9604893138357706,18776.0,28654.0,34116.0,9878.0,0.0,0.7575628461866212,True
2025-08,PAKISTAN,,6562,1896.0,3.460970464135021,,,,,,,False
2025-08,PHILIPPINES,Philippines,8687,2867.0,3.0299965120334846,5664.0,18823.0,19053.0,13159.0,0.0,0.5061793785310734,True
2025-08,POLAND,Poland,4028,1334.0,3.0194902548725637,1383.0,5172.0,5257.0,3789.0,0.0,0.9645697758496024,True
2025-08,QATAR,Qatar,21032,8976.0,2.343137254901961,26287.0,36571.0,52544.0,10284.0,0.0,0.34146155894548635,True
2025-08,ROMANIA,,3892,917.0,4.244274809160306,,,,,,,False
2025-08,RUSSIAN FEDERATION,Russian Federation,50075,10648.0,4.702761081893313,12591.0,28940.0,30662.0,16349.0,0.0,0.845683424668414,True
2025-08,SAUDI ARABIA,Saudi Arabia,85779,34006.0,2.522466623537023,35723.0,71237.0,86336.0,35514.0,0.0,0.9519357276824455,True
2025-08,SOUTH AFRICA,,5869,1003.0,5.851445663010967,,,,,,,False
2025-08,SOUTH KOREA,South Korea,6349,1856.0,3.4207974137931036,2286.0,13624.0,13933.0,11338.0,0.0,0.8118985126859143,True
2025-08,SPAIN,Spain,14956,4572.0,3.2712160979877516,8812.0,44389.0,45755.0,35577.0,0.0,0.5188379482523832,True
2025-08,SWEDEN,,1438,334.0,4.3053892215568865,,,,,,,False
2025-08,SWITZERLAND,Switzerland,3371,851.0,3.9612220916568743,4893.0,23054.0,24651.0,18161.0,0.0,0.17392192928673617,True
2025-08,TURKEY,Turkey,4330,1382.0,3.133140376266281,24932.0,30826.0,33438.0,5894.0,0.0,0.05543077169902134,True
2025-08,UNITED KINGDOM,United Kingdom,76240,16311.0,4.67414628165042,18617.0,69887.0,71665.0,51270.0,0.0,0.8761347155825321,True
2025-08,UNITED STATES OF AMERICA,United States of America,28982,6726.0,4.308950341956586,5700.0,45701.0,54521.0,40001.0,0.0,1.18,True
2025-08,UZBEKISTAN,Uzbekistan,4097,1411.0,2.9036144578313254,4409.0,4409.0,5290.0,0.0,0.0,0.3200272170560218,True
2025-09,ARMENIA,Armenia,10690,2064.0,5.179263565891473,4165.0,4449.0,4698.0,284.0,0.0,0.4955582232893157,True
2025-09,AUSTRALIA,,10562,3911.0,2.7005880848887753,,,,,,,False
2025-09,AUSTRIA,Austria,3578,912.0,3.9232456140350878,2626.0,9708.0,10879.0,7082.0,0.0,0.3472962680883473,True
2025-09,AZERBAIJAN,Azerbaijan,1870,542.0,3.4501845018450186,2510.0,2655.0,3828.0,145.0,0.0,0.21593625498007968,True
2025-09,BAHRAIN,Bahrain,7689,2518.0,3.0536139793486896,12926.0,20551.0,34461.0,7625.0,0.0,0.19480117592449328,True
2025-09,BELGIUM,Belgium,5173,1558.0,3.320282413350449,1170.0,9363.0,10232.0,8193.0,0.0,1.3316239316239316,True
2025-09,BRAZIL,,4558,1102.0,4.136116152450091,,,,,,,False
2025-09,CANADA,Canada,10886,2951.0,3.6889190105049137,1462.0,14093.0,14580.0,12631.0,0.0,2.018467852257182,True
2025-09,CHINA,China,33932,14758.0,2.299227537606722,7578.0,15058.0,15577.0,7480.0,0.0,1.947479546054368,True
2025-09,CZECHIA,,2516,832.0,3.0240384615384617,,,,,,,False
2025-09,DENMARK,,391,176.0,2.221590909090909,,,,,,,False
2025-09,EGYPT,Egypt,20053,4054.0,4.946472619634928,32783.0,36983.0,38203.0,4200.0,0.0,0.12366165390598786,True
2025-09,FRANCE,France,21556,6093.0,3.5378302970622024,3546.0,19514.0,21397.0,15968.0,0.0,1.718274111675127,True
2025-09,GERMANY,Germany,32862,7182.0,4.575605680868839,7205.0,37249.0,41459.0,30044.0,0.0,0.9968077723802915,True
2025-09,INDIA,India,103448,30419.0,3.4007692560570697,235740.0,366741.0,379229.0,131001.0,0.0,0.12903622635106474,True
2025-09,IRELAND,Ireland,4363,1155.0,3.7774891774891777,1311.0,12998.0,15702.0,11687.0,0.0,0.8810068649885584,True
2025-09,ISRAEL,Israel,10196,3578.0,2.849636668529905,2168.0,16471.0,17126.0,14303.0,0.0,1.650369003690037,True
2025-09,ITALY,Italy,14916,3791.0,3.9345819045106833,4483.0,28991.0,36687.0,24508.0,0.0,0.845639080972563,True
2025-09,JAPAN,Japan,5332,1470.0,3.6272108843537416,1467.0,17602.0,18170.0,16135.0,0.0,1.0020449897750512,True
2025-09,JORDAN,Jordan,8424,2069.0,4.071532141130981,14647.0,17186.0,18557.0,2539.0,0.0,0.14125759541202976,True
2025-09,KAZAKHSTAN,Kazakhstan,8281,2021.0,4.09747649678377,1627.0,1756.0,2492.0,129.0,0.0,1.2421634910878918,True
2025-09,KUWAIT,Kuwait,29478,8260.0,3.568765133171913,9573.0,17578.0,27663.0,8005.0,0.0,0.8628434137678889,True
2025-09,LEBANON,Lebanon,4478,1061.0,4.2205466540999055,7799.0,11128.0,13567.0,3329.0,0.0,0.13604308244646748,True
2025-09,MEXICO,,1112,402.0,2.7661691542288556,,,,,,,False
2025-09,MOROCCO,,3616,1290.0,2.8031007751937986,,,,,,,False
2025-09,NETHERLANDS,Netherlands,6468,1771.0,3.652173913043478,1523.0,10707.0,11130.0,9184.0,0.0,1.1628365068942876,True
2025-09,NORWAY,,576,228.0,2.526315789473684,,,,,,,False
2025-09,OMAN,Oman,7608,4945.0,1.5385237613751264,8975.0,17631.0,23256.0,8656.0,0.0,0.550974930362117,True
2025-09,PAKISTAN,,5788,1692.0,3.42080378250591,,,,,,,False
2025-09,PHILIPPINES,Philippines,8243,2346.0,3.5136402387041774,3777.0,16669.0,17901.0,12892.0,0.0,0.6211278792692613,True
2025-09,POLAND,Poland,4996,1725.0,2.896231884057971,1634.0,5776.0,5923.0,4142.0,0.0,1.0556915544675642,True
2025-09,QATAR,Qatar,6797,3302.0,2.058449424591157,18667.0,25598.0,44879.0,6931.0,0.0,0.1768896983982429,True
2025-09,ROMANIA,,3049,740.0,4.120270270270271,,,,,,,False
2025-09,RUSSIAN FEDERATION,Russian Federation,59909,13326.0,4.495647606183401,8909.0,25450.0,28813.0,16541.0,0.0,1.4957907733752385,True
2025-09,SAUDI ARABIA,Saudi Arabia,28818,11525.0,2.500477223427332,25509.0,58845.0,77105.0,33336.0,0.0,0.45180132502254106,True
2025-09,SOUTH AFRICA,,6459,1440.0,4.485416666666667,,,,,,,False
2025-09,SOUTH KOREA,South Korea,6787,2232.0,3.0407706093189963,1991.0,14122.0,14419.0,12131.0,0.0,1.1210447011551985,True
2025-09,SPAIN,Spain,15214,4366.0,3.4846541456710947,5187.0,36605.0,41603.0,31418.0,0.0,0.841719683824947,True
2025-09,SWEDEN,,2185,489.0,4.468302658486707,,,,,,,False
2025-09,SWITZERLAND,Switzerland,5596,1612.0,3.4714640198511164,3105.0,21488.0,24663.0,18383.0,0.0,0.5191626409017713,True
2025-09,TURKEY,Turkey,5888,1769.0,3.3284341435839457,14154.0,19479.0,25943.0,5325.0,0.0,0.12498233714850926,True
2025-09,UNITED KINGDOM,United Kingdom,65875,13713.0,4.8038357762706925,12074.0,62257.0,68646.0,50183.0,0.0,1.1357462315719729,True
2025-09,UNITED STATES OF AMERICA,United States of America,34834,8975.0,3.8812256267409473,4244.0,44199.0,54443.0,39955.0,0.0,2.1147502356267673,True
2025-09,UZBEKISTAN,Uzbekistan,2893,1067.0,2.711340206185567,954.0,1443.0,2318.0,489.0,0.0,1.1184486373165619,True
2025-10,ARMENIA,Armenia,11454,2304.0,4.971354166666667,5603.0,6156.0,6960.0,553.0,0.0,0.41120828127788683,True
2025-10,AUSTRALIA,,13275,4402.0,3.0156746933212175,,,,,,,False
2025-10,AUSTRIA,Austria,7446,1888.0,3.9438559322033897,3954.0,11347.0,11375.0,7393.0,0.0,0.47749114820435,True
2025-10,AZERBAIJAN,Azerbaijan,1791,636.0,2.8160377358490565,2758.0,3020.0,3828.0,262.0,0.0,0.23060188542422044,True
2025-10,BAHRAIN,Bahrain,5053,1697.0,2.9776075427224513,15565.0,24558.0,34990.0,8993.0,0.0,0.10902666238355284,True
2025-10,BELGIUM,Belgium,6509,1959.0,3.322613578356304,2270.0,10514.0,11032.0,8244.0,0.0,0.8629955947136564,True
2025-10,BRAZIL,,5296,1321.0,4.009084027252082,,,,,,,False
2025-10,CANADA,Canada,12628,3524.0,3.583427922814983,1736.0,15361.0,15066.0,13625.0,0.0,2.0299539170506913,True
2025-10,CHINA,China,48412,22680.0,2.134567901234568,8164.0,14444.0,17627.0,6280.0,0.0,2.778049975502205,True
2025-10,CZECHIA,,4524,1392.0,3.25,,,,,,,False
2025-10,DENMARK,,2301,624.0,3.6875,,,,,,,False
2025-10,EGYPT,Egypt,20431,4121.0,4.957777238534336,31599.0,35681.0,37540.0,4082.0,0.0,0.1304155194784645,True
2025-10,FINLAND,,1191,329.0,3.6200607902735564,,,,,,,False
2025-10,FRANCE,France,33269,9235.0,3.602490525175961,6135.0,22123.0,22694.0,15988.0,0.0,1.5052974735126325,True
2025-10,GERMANY,Germany,47681,10337.0,4.612653574538067,9458.0,41091.0,41798.0,31633.0,0.0,1.0929371960245295,True
2025-10,INDIA,India,141145,47150.0,2.9935312831389185,227239.0,333892.0,376444.0,106653.0,0.0,0.20749079163347842,True
2025-10,IRELAND,Ireland,6571,1840.0,3.571195652173913,2131.0,15574.0,15970.0,13443.0,0.0,0.8634443923040825,True
2025-10,ISRAEL,Israel,13849,4567.0,3.0324063936938908,3527.0,20762.0,26844.0,17235.0,0.0,1.2948681599092713,True
2025-10,ITALY,Italy,19267,5166.0,3.729578010065815,6513.0,36616.0,37193.0,30103.0,0.0,0.7931828650391525,True
2025-10,JAPAN,Japan,5462,1487.0,3.6731674512441157,2155.0,17507.0,18380.0,15352.0,0.0,0.6900232018561485,True
2025-10,JORDAN,Jordan,9100,2249.0,4.046242774566474,12480.0,14727.0,18031.0,2247.0,0.0,0.18020833333333333,True
2025-10,KAZAKHSTAN,Kazakhstan,11932,3134.0,3.807275047862157,1877.0,2096.0,2610.0,219.0,0.0,1.6696856686201385,True
2025-10,KUWAIT,Kuwait,11430,3625.0,3.153103448275862,12026.0,21423.0,29568.0,9397.0,0.0,0.3014302344919341,True
2025-10,LEBANON,Lebanon,5194,1281.0,4.054644808743169,7631.0,9892.0,13300.0,2261.0,0.0,0.16786790722054776,True
2025-10,MEXICO,,1920,588.0,3.2653061224489797,,,,,,,False
2025-10,MOROCCO,,4509,1396.0,3.229942693409742,,,,,,,False
2025-10,NETHERLANDS,Netherlands,8994,2482.0,3.6236905721192585,2630.0,11475.0,11646.0,8845.0,0.0,0.9437262357414449,True
2025-10,NORWAY,,947,303.0,3.1254125412541254,,,,,,,False
2025-10,OMAN,Oman,7010,4061.0,1.7261758187638512,7658.0,16604.0,22460.0,8946.0,0.0,0.5302951162183338,True
2025-10,PAKISTAN,,5478,1608.0,3.406716417910448,,,,,,,False
2025-10,PHILIPPINES,Philippines,8600,2521.0,3.411344704482348,5132.0,19162.0,20654.0,14030.0,0.0,0.4912314886983632,True
2025-10,POLAND,Poland,6578,2159.0,3.046780917091246,4473.0,8822.0,9044.0,4349.0,0.0,0.4826738207019897,True
2025-10,QATAR,Qatar,8551,3928.0,2.1769348268839104,24636.0,33618.0,48685.0,8982.0,0.0,0.159441467770742,True
2025-10,ROMANIA,,5895,1569.0,3.75717017208413,,,,,,,False
2025-10,RUSSIAN FEDERATION,Russian Federation,114135,24953.0,4.573999118342484,17416.0,35374.0,36640.0,17958.0,0.0,1.432762976573266,True
2025-10,SAUDI ARABIA,Saudi Arabia,23095,9071.0,2.5460257964943227,31965.0,68088.0,91250.0,36123.0,0.0,0.28377913342718597,True
2025-10,SOUTH AFRICA,,6652,1407.0,4.727789623312011,,,,,,,False
2025-10,SOUTH KOREA,South Korea,9830,3034.0,3.2399472643375082,2398.0,13297.0,14786.0,10899.0,0.0,1.2652210175145955,True
2025-10,SPAIN,Spain,15529,4476.0,3.4693923145665773,7082.0,42123.0,42252.0,35041.0,0.0,0.6320248517367976,True
2025-10,SWEDEN,,2842,673.0,4.222882615156018,,,,,,,False
2025-10,SWITZERLAND,Switzerland,15132,3747.0,4.038430744595677,5238.0,24462.0,25617.0,19224.0,0.0,0.7153493699885453,True
2025-10,TURKEY,Turkey,6699,1978.0,3.38675429726997,19557.0,26870.0,29035.0,7313.0,0.0,0.10114025668558572,True
2025-10,UNITED KINGDOM,United Kingdom,106197,25007.0,4.246690926540569,21115.0,69329.0,70164.0,48214.0,0.0,1.184323940326782,True
2025-10,UNITED STATES OF AMERICA,United States of America,45652,12243.0,3.728824634485012,5224.0,51716.0,54971.0,46492.0,0.0,2.343606431852986,True
2025-10,UZBEKISTAN,Uzbekistan,2963,1145.0,2.587772925764192,1527.0,2021.0,2262.0,494.0,0.0,0.7498362802881466,True
2025-11,ARMENIA,Armenia,5169,1068.0,4.839887640449438,3608.0,3894.0,5046.0,286.0,0.0,0.2960088691796009,True
2025-11,AUSTRALIA,,10164,3330.0,3.052252252252252,,,,,,,False
2025-11,AUSTRIA,Austria,7543,1765.0,4.273654390934844,2372.0,10084.0,10853.0,7712.0,0.0,0.7440978077571669,True
2025-11,AZERBAIJAN,Azerbaijan,4787,1425.0,3.3592982456140352,3021.0,3219.0,4002.0,198.0,0.0,0.4716981132075472,True
2025-11,BAHRAIN,Bahrain,4552,1520.0,2.9947368421052634,15560.0,23615.0,33477.0,8055.0,0.0,0.09768637532133675,True
2025-11,BELGIUM,Belgium,6113,1674.0,3.651732377538829,1465.0,9662.0,10735.0,8197.0,0.0,1.1426621160409556,True
2025-11,BRAZIL,,5888,1552.0,3.7938144329896906,,,,,,,False
2025-11,CANADA,Canada,15333,4682.0,3.2748825288338317,1839.0,14854.0,14580.0,13015.0,0.0,2.5459488852637304,True
2025-11,CHINA,China,37836,15941.0,2.373502289693244,9285.0,14877.0,17952.0,5592.0,0.0,1.7168551427032848,True
2025-11,CZECHIA,,5678,1558.0,3.644415917843389,,,,,,,False
2025-11,DENMARK,,2250,596.0,3.7751677852348995,,,,,,,False
2025-11,EGYPT,Egypt,24224,6113.0,3.9627024374284314,33042.0,38475.0,41725.0,5433.0,0.0,0.1850069608377217,True
2025-11,FINLAND,,1690,485.0,3.484536082474227,,,,,,,False
2025-11,FRANCE,France,27888,7921.0,3.5207675798510287,4399.0,19896.0,21525.0,15497.0,0.0,1.8006365082973403,True
2025-11,GERMANY,Germany,51113,11023.0,4.636940941667422,9211.0,41473.0,43634.0,32262.0,0.0,1.1967213114754098,True
2025-11,INDIA,India,109659,33331.0,3.2900003000210014,211289.0,317659.0,342381.0,106370.0,0.0,0.157750758439862,True
2025-11,IRELAND,Ireland,6913,1764.0,3.9189342403628116,1664.0,14470.0,15427.0,12806.0,0.0,1.0600961538461537,True
2025-11,ISRAEL,Israel,10019,3395.0,2.9511045655375554,3875.0,19769.0,24204.0,15894.0,0.0,0.8761290322580645,True
2025-11,ITALY,Italy,24057,6633.0,3.626865671641791,6407.0,33275.0,37903.0,26868.0,0.0,1.0352739191509286,True
2025-11,JAPAN,Japan,5495,1551.0,3.54287556415216,1738.0,14794.0,14900.0,13056.0,0.0,0.8924050632911392,True
2025-11,JORDAN,Jordan,10057,2667.0,3.7709036370453695,10991.0,13545.0,16772.0,2554.0,0.0,0.24265307979255754,True
2025-11,KAZAKHSTAN,Kazakhstan,16424,3861.0,4.253820253820254,1611.0,1699.0,2262.0,88.0,0.0,2.3966480446927374,True
2025-11,KUWAIT,Kuwait,10731,3368.0,3.186163895486936,11472.0,19232.0,28102.0,7760.0,0.0,0.29358437935843795,True
2025-11,LEBANON,Lebanon,5015,1314.0,3.8165905631659056,6343.0,8047.0,12272.0,1704.0,0.0,0.20715749645278259,True
2025-11,MEXICO,,1832,607.0,3.018121911037891,,,,,,,False
2025-11,MOROCCO,,8456,1687.0,5.012448132780083,,,,,,,False
2025-11,NETHERLANDS,Netherlands,10980,3049.0,3.6011807149885207,2113.0,11017.0,11130.0,8904.0,0.0,1.4429720776147656,True
2025-11,NORWAY,,2240,648.0,3.45679012345679,,,,,,,False
2025-11,OMAN,Oman,7709,4486.0,1.7184574230940703,6914.0,18362.0,23266.0,11448.0,0.0,0.6488284639861152,True
2025-11,PAKISTAN,,6275,2102.0,2.985252140818268,,,,,,,False
2025-11,PHILIPPINES,Philippines,7137,2042.0,3.4951028403525957,4801.0,16769.0,19320.0,11968.0,0.0,0.42532805665486356,True
2025-11,POLAND,Poland,15300,4728.0,3.236040609137056,10291.0,14896.0,16090.0,4605.0,0.0,0.45943057040132157,True
2025-11,QATAR,Qatar,4997,1904.0,2.624474789915966,20313.0,28046.0,45535.0,7733.0,0.0,0.09373307733963472,True
2025-11,ROMANIA,,5131,1366.0,3.7562225475841875,,,,,,,False
2025-11,RUSSIAN FEDERATION,Russian Federation,128667,24947.0,5.157614141981,16725.0,37044.0,41100.0,20319.0,0.0,1.4915994020926757,True
2025-11,SAUDI ARABIA,Saudi Arabia,43661,16442.0,2.6554555406884806,29865.0,70214.0,89626.0,40349.0,0.0,0.5505441151849991,True
2025-11,SOUTH AFRICA,,5368,1113.0,4.823000898472596,,,,,,,False
2025-11,SOUTH KOREA,South Korea,11100,3787.0,2.9310800105624506,3729.0,12902.0,13867.0,9173.0,0.0,1.0155537677661572,True
2025-11,SPAIN,Spain,15460,4548.0,3.3992963940193492,5173.0,35352.0,36494.0,30179.0,0.0,0.87918035955925,True
2025-11,SWEDEN,,4237,910.0,4.656043956043956,,,,,,,False
2025-11,SWITZERLAND,Switzerland,10711,2628.0,4.07572298325723,3164.0,20420.0,23143.0,17256.0,0.0,0.8305941845764855,True
2025-11,TURKEY,Turkey,10460,3369.0,3.1047788661323836,20917.0,27681.0,32077.0,6764.0,0.0,0.1610651623081704,True
2025-11,UNITED KINGDOM,United Kingdom,97704,22278.0,4.385671963371936,21464.0,73502.0,77477.0,52038.0,0.0,1.037923965710026,True
2025-11,UNITED STATES OF AMERICA,United States of America,48113,14012.0,3.4336996859834428,5985.0,57074.0,58272.0,51089.0,0.0,2.341186299081036,True
2025-11,UZBEKISTAN,Uzbekistan,3277,1126.0,2.9103019538188275,1739.0,2199.0,2436.0,460.0,0.0,0.6474985623921794,True
2025-12,ARMENIA,Armenia,3253,966.0,3.367494824016563,4486.0,5017.0,5568.0,531.0,0.0,0.21533660276415514,True
2025-12,AUSTRALIA,,18611,5986.0,3.109087871700635,,,,,,,False
2025-12,AUSTRIA,Austria,8226,1933.0,4.255561303673047,3005.0,10860.0,11491.0,7855.0,0.0,0.643261231281198,True
2025-12,AZERBAIJAN,Azerbaijan,1652,555.0,2.9765765765765764,3335.0,3596.0,4002.0,261.0,0.0,0.1664167916041979,True
2025-12,BAHRAIN,Bahrain,7166,2450.0,2.9248979591836735,21632.0,31043.0,38936.0,9411.0,0.0,0.11325813609467456,True
2025-12,BELGIUM,Belgium,7368,2171.0,3.3938277291570706,3364.0,10276.0,11197.0,6912.0,0.0,0.6453626634958383,True
2025-12,BRAZIL,,6691,1974.0,3.389564336372847,,,,,,,False
2025-12,CANADA,Canada,17174,5328.0,3.2233483483483485,2605.0,15106.0,15066.0,12501.0,0.0,2.0452975047984645,True
2025-12,CHINA,China,49978,21839.0,2.2884747470122258,9036.0,13812.0,18717.0,4776.0,0.0,2.41688800354139,True
2025-12,CZECHIA,,6385,1725.0,3.701449275362319,,,,,,,False
2025-12,DENMARK,,2730,690.0,3.9565217391304346,,,,,,,False
2025-12,EGYPT,Egypt,19628,4002.0,4.904547726136932,37222.0,42427.0,45304.0,5205.0,0.0,0.10751705980334211,True
2025-12,FINLAND,,1543,423.0,3.647754137115839,,,,,,,False
2025-12,FRANCE,France,32308,9526.0,3.391559941213521,6453.0,21319.0,22341.0,14866.0,0.0,1.4762126142879282,True
2025-12,GERMANY,Germany,49759,11312.0,4.3987800565770865,11562.0,42721.0,44134.0,31159.0,0.0,0.9783774433489015,True
2025-12,INDIA,India,129116,46072.0,2.8024830699774266,238644.0,338830.0,376382.0,100186.0,0.0,0.19305744120950033,True
2025-12,IRELAND,Ireland,8575,2237.0,3.8332588287885563,2326.0,15050.0,15545.0,12724.0,0.0,0.9617368873602752,True
2025-12,ISRAEL,Israel,18781,6408.0,2.9308676654182273,7806.0,27352.0,30972.0,19546.0,0.0,0.8209069946195234,True
2025-12,ITALY,Italy,29935,8840.0,3.38631221719457,9667.0,35945.0,39386.0,26278.0,0.0,0.9144512258197993,True
2025-12,JAPAN,Japan,7121,2403.0,2.9633791094465254,2327.0,9408.0,9830.0,7081.0,0.0,1.0326600773528147,True
2025-12,JORDAN,Jordan,8934,2279.0,3.920140412461606,14844.0,16984.0,18583.0,2140.0,0.0,0.1535300458097548,True
2025-12,KAZAKHSTAN,Kazakhstan,10536,2664.0,3.954954954954955,2137.0,2197.0,2262.0,60.0,0.0,1.2466073935423492,True
2025-12,KUWAIT,Kuwait,10895,3543.0,3.0750776178379904,14517.0,23776.0,30872.0,9259.0,0.0,0.24405868981194462,True
2025-12,LEBANON,Lebanon,4602,1155.0,3.9844155844155846,8097.0,10052.0,14370.0,1955.0,0.0,0.14264542423119675,True
2025-12,MEXICO,,2764,973.0,2.840698869475848,,,,,,,False
2025-12,MOROCCO,,4076,1020.0,3.996078431372549,,,,,,,False
2025-12,NETHERLANDS,Netherlands,13975,3981.0,3.5104245164531527,2487.0,11210.0,11501.0,8723.0,0.0,1.600723763570567,True
2025-12,NORWAY,,1707,538.0,3.1728624535315983,,,,,,,False
2025-12,OMAN,Oman,7389,4697.0,1.5731317862465404,7674.0,17472.0,23804.0,9798.0,0.0,0.6120667187907219,True
2025-12,PAKISTAN,,6954,2388.0,2.9120603015075375,,,,,,,False
2025-12,PHILIPPINES,Philippines,11242,3744.0,3.0026709401709404,7401.0,18264.0,20607.0,10860.0,3.0,0.5058775841102554,True
2025-12,POLAND,Poland,17738,5785.0,3.0662057044079516,12981.0,18759.0,19742.0,5778.0,0.0,0.4456513365688314,True
2025-12,QATAR,Qatar,10198,4699.0,2.170248989146627,30626.0,42294.0,50743.0,11668.0,0.0,0.15343172467837785,True
2025-12,ROMANIA,,7056,2076.0,3.398843930635838,,,,,,,False
2025-12,RUSSIAN FEDERATION,Russian Federation,100315,22384.0,4.4815493209435315,20574.0,42252.0,47511.0,21678.0,0.0,1.0879751142218335,True
2025-12,SAUDI ARABIA,Saudi Arabia,20952,8681.0,2.4135468264024884,35919.0,77243.0,95661.0,41324.0,0.0,0.24168267490743062,True
2025-12,SOUTH AFRICA,,15712,4720.0,3.328813559322034,,,,,,,False
2025-12,SOUTH KOREA,South Korea,11520,4261.0,2.703590706406947,3157.0,11070.0,13353.0,7913.0,0.0,1.3496990814063985,True
2025-12,SPAIN,Spain,17531,4862.0,3.6057178116001647,7594.0,34253.0,37765.0,26659.0,0.0,0.6402422965499078,True
2025-12,SWEDEN,,4707,1164.0,4.043814432989691,,,,,,,False
2025-12,SWITZERLAND,Switzerland,12331,3137.0,3.9308256295824036,5006.0,21639.0,23372.0,16633.0,0.0,0.6266480223731522,True
2025-12,TURKEY,Turkey,6702,2066.0,3.243949661181026,22531.0,26200.0,29649.0,3669.0,0.0,0.09169588566863432,True
2025-12,UNITED KINGDOM,United Kingdom,121689,29224.0,4.164009033670955,28289.0,78290.0,80542.0,50001.0,0.0,1.0330517162147832,True
2025-12,UNITED STATES OF AMERICA,United States of America,62567,19707.0,3.174861724260415,8422.0,57404.0,60081.0,48982.0,0.0,2.3399430064117785,True
2025-12,UZBEKISTAN,Uzbekistan,4741,1551.0,3.0567375886524824,1956.0,2242.0,2282.0,286.0,0.0,0.7929447852760736,True
2026-01,ARMENIA,Armenia,7431,1385.0,5.3653429602888085,3884.0,4343.0,5742.0,459.0,0.0,0.35659114315139034,True
2026-01,AUSTRALIA,,16095,4995.0,3.2222222222222223,,,,,,,False
2026-01,AUSTRIA,Austria,7501,1895.0,3.958311345646438,2145.0,10891.0,11352.0,8746.0,0.0,0.8834498834498834,True
2026-01,AZERBAIJAN,Azerbaijan,2492,767.0,3.2490221642764014,3445.0,3737.0,4152.0,292.0,0.0,0.22264150943396227,True
2026-01,BAHRAIN,Bahrain,7441,2521.0,2.951606505355018,20592.0,29982.0,38899.0,9390.0,0.0,0.12242618492618493,True
2026-01,BELGIUM,Belgium,6839,1931.0,3.5416882444329363,1379.0,10497.0,11801.0,9118.0,0.0,1.4002900652646846,True
2026-01,BRAZIL,,9391,2815.0,3.336056838365897,,,,,,,False
2026-01,CANADA,Canada,13582,4147.0,3.275138654448999,1594.0,15195.0,15066.0,13601.0,0.0,2.6016311166875785,True
2026-01,CHINA,China,54329,25237.0,2.152751911875421,10571.0,16079.0,18295.0,5508.0,0.0,2.3873805694825467,True
2026-01,CZECHIA,,4563,1239.0,3.682808716707022,,,,,,,False
2026-01,DENMARK,,2891,743.0,3.8909825033647376,,,,,,,False
2026-01,EGYPT,Egypt,22644,4746.0,4.77117572692794,35653.0,42234.0,43302.0,6581.0,0.0,0.13311642779008778,True
2026-01,FINLAND,,1799,502.0,3.5836653386454183,,,,,,,False
2026-01,FRANCE,France,27626,8096.0,3.412302371541502,4870.0,23811.0,24709.0,18941.0,0.0,1.6624229979466119,True
2026-01,GERMANY,Germany,44795,9527.0,4.701899863545712,7128.0,38788.0,42943.0,31660.0,0.0,1.3365600448933783,True
2026-01,INDIA,India,129706,41432.0,3.130575400656497,251362.0,367629.0,380343.0,116267.0,0.0,0.16483000612662216,True
2026-01,IRELAND,Ireland,6263,1747.0,3.5850028620492274,1515.0,14299.0,15240.0,12784.0,0.0,1.1531353135313531,True
2026-01,ISRAEL,Israel,16454,6092.0,2.700919238345371,5114.0,28790.0,32774.0,23676.0,0.0,1.1912397340633556,True
2026-01,ITALY,Italy,28885,7648.0,3.776804393305439,5706.0,34856.0,40082.0,29150.0,0.0,1.3403434980722047,True
2026-01,JAPAN,Japan,5705,1983.0,2.876954109934443,1524.0,7917.0,9328.0,6393.0,0.0,1.3011811023622046,True
2026-01,JORDAN,Jordan,12598,3373.0,3.7349540468425735,16128.0,18231.0,18926.0,2103.0,0.0,0.2091393849206349,True
2026-01,KAZAKHSTAN,Kazakhstan,11857,3083.0,3.8459292896529353,1971.0,2073.0,2262.0,102.0,0.0,1.5641806189751395,True
2026-01,KUWAIT,Kuwait,22642,7358.0,3.077194889915738,14391.0,25227.0,30785.0,10836.0,0.0,0.5112917795844625,True
2026-01,LEBANON,Lebanon,4804,1176.0,4.085034013605442,9529.0,12486.0,16208.0,2957.0,0.0,0.12341274005666912,True
2026-01,MEXICO,,2856,916.0,3.1179039301310043,,,,,,,False
2026-01,MOROCCO,,4977,1172.0,4.246587030716723,,,,,,,False
2026-01,NETHERLANDS,Netherlands,10012,2667.0,3.7540307461567304,1584.0,11194.0,11501.0,9610.0,0.0,1.683712121212121,True
2026-01,NORWAY,,1237,342.0,3.6169590643274856,,,,,,,False
2026-01,OMAN,Oman,21901,13380.0,1.636846038863976,7674.0,19835.0,23914.0,12161.0,0.0,1.7435496481626271,True
2026-01,PAKISTAN,,7315,2455.0,2.979633401221996,,,,,,,False
2026-01,PHILIPPINES,Philippines,8741,2538.0,3.4440504334121353,7273.0,18572.0,19253.0,11299.0,0.0,0.3489619139282277,True
2026-01,POLAND,Poland,20928,6839.0,3.0600965053370377,11991.0,18507.0,19067.0,6516.0,0.0,0.5703444249854057,True
2026-01,QATAR,Qatar,8153,3818.0,2.135411210057622,24622.0,34046.0,48106.0,9424.0,0.0,0.15506457639509383,True
2026-01,ROMANIA,,6219,1788.0,3.478187919463087,,,,,,,False
2026-01,RUSSIAN FEDERATION,Russian Federation,136621,29182.0,4.681687341511891,18395.0,41599.0,49965.0,23204.0,0.0,1.5864093503669476,True
2026-01,SAUDI ARABIA,Saudi Arabia,29057,11887.0,2.44443509716497,32860.0,75865.0,98493.0,43005.0,0.0,0.3617468046256847,True
2026-01,SOUTH AFRICA,,8378,2151.0,3.894932589493259,,,,,,,False
2026-01,SOUTH KOREA,South Korea,11717,4703.0,2.491388475441208,2966.0,13520.0,13667.0,10554.0,0.0,1.5856372218476062,True
2026-01,SPAIN,Spain,15705,4261.0,3.6857545177188453,5242.0,33824.0,37267.0,28582.0,0.0,0.8128576879053796,True
2026-01,SWEDEN,,5150,1103.0,4.669084315503174,,,,,,,False
2026-01,SWITZERLAND,Switzerland,8660,2165.0,4.0,3757.0,23331.0,26648.0,19574.0,0.0,0.5762576523822198,True
2026-01,TURKEY,Turkey,10742,3792.0,2.832805907172996,23321.0,27442.0,31219.0,4121.0,0.0,0.16260023155096265,True
2026-01,UNITED KINGDOM,United Kingdom,85302,19454.0,4.384805181453686,19393.0,76135.0,79950.0,56742.0,0.0,1.0031454648584541,True
2026-01,UNITED STATES OF AMERICA,United States of America,50265,15095.0,3.3299105664127193,5457.0,56161.0,59126.0,50704.0,0.0,2.766171889316474,True
2026-01,UZBEKISTAN,Uzbekistan,8357,2711.0,3.082626337144965,2484.0,2936.0,3018.0,452.0,0.0,1.0913848631239935,True
2026-02,ARMENIA,Armenia,4381,1015.0,4.316256157635468,3164.0,3520.0,4698.0,356.0,0.0,0.32079646017699115,True
2026-02,AUSTRALIA,,7595,2044.0,3.7157534246575343,,,,,,,False
2026-02,AUSTRIA,Austria,8036,1909.0,4.209533787323206,1768.0,9622.0,10012.0,7854.0,0.0,1.0797511312217194,True
2026-02,AZERBAIJAN,Azerbaijan,1747,543.0,3.2173112338858196,2465.0,2607.0,3306.0,142.0,0.0,0.22028397565922922,True
2026-02,BAHRAIN,Bahrain,3447,1099.0,3.1364877161055507,13395.0,21636.0,31050.0,8241.0,0.0,0.08204553938036581,True
2026-02,BELGIUM,Belgium,8618,2561.0,3.3650917610308473,1649.0,8648.0,9589.0,6999.0,0.0,1.5530624620982414,True
2026-02,BRAZIL,,7030,1920.0,3.6614583333333335,,,,,,,False
2026-02,CANADA,Canada,12548,3881.0,3.2331873228549344,1176.0,13557.0,13608.0,12381.0,0.0,3.300170068027211,True
2026-02,CHINA,China,92044,57554.0,1.5992633005525245,12146.0,17161.0,21156.0,5015.0,0.0,4.738514737362094,True
2026-02,CZECHIA,,6121,1697.0,3.6069534472598703,,,,,,,False
2026-02,DENMARK,,2428,644.0,3.770186335403727,,,,,,,False
2026-02,EGYPT,Egypt,17252,3226.0,5.347799132052077,25879.0,31237.0,33136.0,5358.0,0.0,0.12465705784613007,True
2026-02,FINLAND,,2211,533.0,4.1482176360225145,,,,,,,False
2026-02,FRANCE,France,31257,9465.0,3.3023771790808243,4354.0,21328.0,22010.0,16974.0,0.0,2.1738631143775837,True
2026-02,GERMANY,Germany,46367,10776.0,4.302802524127691,7423.0,37926.0,38983.0,30503.0,0.0,1.4517041627374376,True
2026-02,INDIA,India,98589,32338.0,3.0487043107180405,206325.0,315484.0,331488.0,109159.0,0.0,0.1567333090997213,True
2026-02,IRELAND,Ireland,6513,1744.0,3.7345183486238533,1727.0,11928.0,13554.0,10201.0,0.0,1.0098436595251883,True
2026-02,ISRAEL,Israel,9942,4080.0,2.4367647058823527,2575.0,22811.0,28276.0,20236.0,0.0,1.5844660194174758,True
2026-02,ITALY,Italy,23817,6909.0,3.447242726877985,4915.0,31261.0,35590.0,26346.0,0.0,1.4056968463886064,True
2026-02,JAPAN,Japan,5204,1546.0,3.3661060802069858,1216.0,8263.0,8432.0,7047.0,0.0,1.2713815789473684,True
2026-02,JORDAN,Jordan,8021,1634.0,4.908812729498164,10098.0,12098.0,15983.0,2000.0,0.0,0.16181422063775006,True
2026-02,KAZAKHSTAN,Kazakhstan,8392,2161.0,3.883387320684868,1696.0,1869.0,2088.0,173.0,0.0,1.2741745283018868,True
2026-02,KUWAIT,Kuwait,6757,2171.0,3.1123906034085675,10856.0,18436.0,25210.0,7580.0,0.0,0.19998157700810612,True
2026-02,LEBANON,Lebanon,4608,1180.0,3.905084745762712,6764.0,7949.0,11614.0,1185.0,0.0,0.17445298639858073,True
2026-02,MEXICO,,1904,538.0,3.5390334572490705,,,,,,,False
2026-02,MOROCCO,,2615,696.0,3.757183908045977,,,,,,,False
2026-02,NETHERLANDS,Netherlands,10009,2966.0,3.3745785569790963,2043.0,13128.0,13538.0,11085.0,0.0,1.451786588350465,True
2026-02,NORWAY,,1484,425.0,3.491764705882353,,,,,,,False
2026-02,OMAN,Oman,4595,3159.0,1.45457423235201,6358.0,15196.0,19613.0,8838.0,0.0,0.4968543567159484,True
2026-02,PAKISTAN,,5187,1498.0,3.4626168224299065,,,,,,,False
2026-02,PHILIPPINES,Philippines,7409,1859.0,3.9854760623991394,4023.0,17786.0,18327.0,13763.0,0.0,0.4620929654486701,True
2026-02,POLAND,Poland,19214,6359.0,3.0215442679666613,10152.0,15589.0,16078.0,5437.0,0.0,0.6263790386130812,True
2026-02,QATAR,Qatar,3978,1992.0,1.9969879518072289,19643.0,26843.0,36041.0,7200.0,0.0,0.10141017156238864,True
2026-02,ROMANIA,,6017,1888.0,3.186970338983051,,,,,,,False
2026-02,RUSSIAN FEDERATION,Russian Federation,106345,22565.0,4.712829603368048,14440.0,36975.0,39421.0,22535.0,0.0,1.5626731301939059,True
2026-02,SAUDI ARABIA,Saudi Arabia,7461,2969.0,2.512967329067026,26637.0,60650.0,85290.0,34013.0,0.0,0.11146150091977325,True
2026-02,SOUTH AFRICA,,3523,699.0,5.0400572246065805,,,,,,,False
2026-02,SOUTH KOREA,South Korea,12507,4599.0,2.7195042400521854,2395.0,10970.0,12402.0,8575.0,0.0,1.920250521920668,True
2026-02,SPAIN,Spain,13367,3797.0,3.520410850671583,3920.0,30922.0,33191.0,27002.0,0.0,0.9686224489795918,True
2026-02,SWEDEN,,4631,1035.0,4.4743961352657005,,,,,,,False
2026-02,SWITZERLAND,Switzerland,10778,2737.0,3.937888198757764,3611.0,23024.0,25503.0,19413.0,0.0,0.7579617834394905,True
2026-02,TURKEY,Turkey,6800,2032.0,3.3464566929133857,15657.0,19043.0,22704.0,3386.0,0.0,0.12978220604202592,True
2026-02,UNITED KINGDOM,United Kingdom,98405,23674.0,4.156669764298386,21577.0,66613.0,70750.0,45036.0,0.0,1.097186819298327,True
2026-02,UNITED STATES OF AMERICA,United States of America,42506,13076.0,3.250688283878862,4282.0,46262.0,52297.0,41980.0,0.0,3.0537132181223727,True
2026-02,UZBEKISTAN,Uzbekistan,5368,1687.0,3.1819798458802606,1424.0,1709.0,1914.0,285.0,0.0,1.184691011235955,True
