Month,Country,City,Airline,Seats,PAX,P2P,Transfer,Transit,Load_Factor
2025-08,Armenia,Yerevan,Air Arabia Abu Dhabi,5220,5185,4796,389,0,0.9932950191570882
2025-08,Armenia,Yerevan,Wizz Air Abu Dhabi,7130,6041,6041,0,0,0.8472650771388499
2025-08,Austria,Vienna,Etihad Airways,11229,10947,4390,6557,0,0.9748864547154689
2025-08,Azerbaijan,Baku,Air Arabia Abu Dhabi,4176,4106,4003,103,0,0.9832375478927203
2025-08,Azerbaijan,Baku,Wizz Air Abu Dhabi,5290,4562,4562,0,0,0.8623818525519849
2025-08,Azerbaijan,Gabala,Wizz Air Abu Dhabi,2070,1567,1567,0,0,0.7570048309178744
2025-08,Bahrain,Bahrain,Air Arabia Abu Dhabi,10788,9086,6043,3043,0,0.8422321097515758
2025-08,Bahrain,Bahrain,Etihad Airways,15115,12573,6126,6447,0,0.8318226926893814
2025-08,Bahrain,Bahrain,Gulf Air,8950,7497,7293,204,0,0.8376536312849162
2025-08,Belgium,Brussels,Etihad Airways,10404,9714,1751,7963,0,0.933679354094579
2025-08,Canada,Toronto,Etihad Airways,15066,14811,2088,12723,0,0.9830744723217841
2025-08,China,Beijing,Etihad Airways,8469,8313,1294,7019,0,0.981579879560751
2025-08,China,Shanghai,China Eastern Airlines,4488,4293,4293,0,0,0.9565508021390374
2025-08,Egypt,Alexandria,Air Arabia Abu Dhabi,5220,5234,4877,357,0,1.0026819923371648
2025-08,Egypt,Alexandria,Wizz Air Abu Dhabi,5290,5090,5090,0,0,0.9621928166351607
2025-08,Egypt,Asyut,Wizz Air Abu Dhabi,2760,2325,2325,0,0,0.842391304347826
2025-08,Egypt,Cairo,Air Arabia Abu Dhabi,10552,10555,10022,533,0,1.0002843062926459
2025-08,Egypt,Cairo,Egyptair,10304,9881,9837,44,0,0.9589479813664596
2025-08,Egypt,Cairo,Etihad Airways,18698,18913,17064,1849,0,1.0114985559952936
2025-08,Egypt,Dabah,Etihad Airways,1334,1288,1102,186,0,0.9655172413793104
2025-08,Egypt,El Arish,Private,180,18,18,0,0,0.1
2025-08,Egypt,Giza,Wizz Air Abu Dhabi,11270,10604,10604,0,0,0.940905057675244
2025-08,France,Nice,Etihad Airways,2610,2421,991,1430,0,0.9275862068965517
2025-08,France,Paris,Etihad Airways,22264,21486,5610,15876,0,0.9650556952928494
2025-08,Germany,Dusseldorf,Etihad Airways,5220,4999,737,4262,0,0.9576628352490422
2025-08,Germany,Frankfurt,Etihad Airways,18254,17766,2889,14877,0,0.9732661334502027
2025-08,Germany,Munich,Etihad Airways,17743,17637,4924,12713,0,0.9940258129966747
2025-08,India,Ahmedabad,Air Arabia Abu Dhabi,3060,2887,1910,977,0,0.9434640522875817
2025-08,India,Ahmedabad,Akasa Air,6063,5331,5331,0,0,0.8792676892627412
2025-08,India,Ahmedabad,Etihad Airways,12202,11400,3979,7421,0,0.9342730699885264
2025-08,India,Ahmedabad,IndiGo,5748,5364,5364,0,0,0.9331941544885177
2025-08,India,Bengaluru,Air India Express,5700,5354,5354,0,0,0.9392982456140351
2025-08,India,Bengaluru,Akasa Air,6055,5371,5371,0,0,0.8870355078447564
2025-08,India,Bengaluru,Etihad Airways,16730,16133,4532,11601,0,0.9643156007172744
2025-08,India,Bengaluru,IndiGo,7192,6957,6957,0,0,0.9673248053392659
2025-08,India,Bhubaneshwar,IndiGo,2400,2044,2044,0,0,0.8516666666666667
2025-08,India,Chandigarh,IndiGo,2400,2258,2258,0,0,0.9408333333333333
2025-08,India,Chennai,Air Arabia Abu Dhabi,6804,6472,5008,1464,0,0.9512051734273956
2025-08,India,Chennai,Etihad Airways,15976,15563,4039,11524,0,0.974148723084627
2025-08,India,Chennai,IndiGo,7192,6958,6958,0,0,0.9674638487208009
2025-08,India,Coimbatore,IndiGo,3348,3231,3231,0,0,0.9650537634408602
2025-08,India,Delhi,Etihad Airways,30724,29651,8930,20721,0,0.9650761619580783
2025-08,India,Delhi,IndiGo,7192,6959,6959,0,0,0.967602892102336
2025-08,India,Hyderabad,Etihad Airways,16695,16116,2893,13223,0,0.965318957771788
2025-08,India,Hyderabad,IndiGo,11506,10904,10904,0,0,0.9476794715800452
2025-08,India,Jaipur,Etihad Airways,6964,6457,2557,3900,0,0.9271970132107984
2025-08,India,Kannur,Air India Express,7083,6908,6908,0,0,0.9752929549625865
2025-08,India,Kannur,IndiGo,5736,5639,5639,0,0,0.9830892608089261
2025-08,India,Kochi,Air Arabia Abu Dhabi,13430,13357,12166,1191,0,0.9945644080416977
2025-08,India,Kochi,Air India Express,8851,8118,8118,0,0,0.917184498926675
2025-08,India,Kochi,Etihad Airways,17550,17434,4722,12712,0,0.9933903133903134
2025-08,India,Kochi,IndiGo,5730,5646,5646,0,0,0.9853403141361257
2025-08,India,Kolkata,Air Arabia Abu Dhabi,2380,2261,1754,507,0,0.95
2025-08,India,Kolkata,Etihad Airways,5688,5536,2078,3458,0,0.9732770745428974
2025-08,India,Kozhikode,Air Arabia Abu Dhabi,12750,12763,10567,2196,0,1.0010196078431373
2025-08,India,Kozhikode,Air India Express,7998,7432,7432,0,0,0.9292323080770193
2025-08,India,Kozhikode,Etihad Airways,5582,5603,3409,2194,0,1.0037620924399857
2025-08,India,Kozhikode,IndiGo,5766,5637,5637,0,0,0.977627471383975
2025-08,India,Lucknow,IndiGo,7192,6779,6779,0,0,0.9425750834260289
2025-08,India,Madurai,IndiGo,2412,2240,2240,0,0,0.9286898839137645
2025-08,India,Mangalore,Air India Express,5552,5507,5507,0,0,0.9918948126801153
2025-08,India,Mangalore,IndiGo,7192,6915,6915,0,0,0.9614849833147943
2025-08,India,Mumbai,Air India,5072,4578,4561,17,0,0.902602523659306
2025-08,India,Mumbai,Air India Express,6414,5858,5858,0,0,0.9133146242594324
2025-08,India,Mumbai,Akasa Air,6050,5928,5928,0,0,0.9798347107438017
2025-08,India,Mumbai,Etihad Airways,30894,29506,10797,18709,0,0.9550721823007704
2025-08,India,Mumbai,IndiGo,15316,14347,14347,0,0,0.9367328284147297
2025-08,India,Tiruchchirappalli,Air India Express,2433,2104,2104,0,0,0.8647759967118783
2025-08,India,Trivandrum,Air Arabia Abu Dhabi,14960,14864,12187,2677,0,0.9935828877005347
2025-08,India,Trivandrum,Air India Express,8324,7527,7527,0,0,0.9042527630946661
2025-08,India,Trivandrum,Etihad Airways,7458,7299,2612,4687,0,0.9786806114239742
2025-08,India,Vishakhapatnam,IndiGo,3330,2856,2856,0,0,0.8576576576576577
2025-08,Ireland,Dublin,Etihad Airways,15666,15129,2645,12484,0,0.965721945614707
2025-08,Israel,Eilat,Private,323,36,36,0,0,0.11145510835913312
2025-08,Israel,Tel Aviv,Etihad Airways,18173,16505,3143,13362,0,0.9082154845099873
2025-08,Israel,Tel Aviv,Wizz Air Abu Dhabi,1380,969,969,0,0,0.7021739130434783
2025-08,Italy,MIlan,Etihad Airways,20247,18586,3257,15329,0,0.9179631550353139
2025-08,Italy,Rome,Etihad Airways,19052,17761,2871,14890,0,0.9322380852403948
2025-08,Japan,Osaka-Kansai,Etihad Airways,7830,7294,527,6767,0,0.9315453384418901
2025-08,Japan,Tokyo,Etihad Airways,11501,11034,1302,9732,0,0.959394835231719
2025-08,Jordan,Amman,Air Arabia Abu Dhabi,5394,5323,5238,85,0,0.9868372265480163
2025-08,Jordan,Amman,Etihad Airways,12214,12246,10512,1734,0,1.0026199443261832
2025-08,Jordan,Amman,Royal Jordanian,10075,9621,9223,266,132,0.9549379652605459
2025-08,Jordan,Amman,Wizz Air Abu Dhabi,6900,6117,6117,0,0,0.8865217391304347
2025-08,Kazakhstan,Almaty,Air Arabia Abu Dhabi,2436,2394,2319,75,0,0.9827586206896551
2025-08,Kazakhstan,Almaty,Wizz Air Abu Dhabi,7360,6497,6497,0,0,0.8827445652173913
2025-08,Kuwait,Kuwait,Air Arabia Abu Dhabi,9918,9323,7010,2313,0,0.9400080661423674
2025-08,Kuwait,Kuwait,Etihad Airways,18472,16733,6779,9954,0,0.9058575140753573
2025-08,Lebanon,Beirut,Air Arabia Abu Dhabi,4002,3448,3340,108,0,0.8615692153923038
2025-08,Lebanon,Beirut,Etihad Airways,9034,9052,5259,3793,0,1.0019924728802303
2025-08,Lebanon,Beirut,Middle East Airlines,5822,5707,5651,56,0,0.9802473376846444
2025-08,Lebanon,Beirut,Wizz Air Abu Dhabi,2990,2228,2228,0,0,0.7451505016722408
2025-08,Netherlands,Amsterdam,Etihad Airways,11496,10688,2126,8562,0,0.929714683368128
2025-08,Oman,Muscat,Air Arabia Abu Dhabi,1566,1056,697,359,0,0.6743295019157088
2025-08,Oman,Muscat,Etihad Airways,20218,16133,6816,9317,0,0.7979523197151054
2025-08,Oman,Salalah,Air Arabia Abu Dhabi,3132,3164,2962,202,0,1.0102171136653895
2025-08,Oman,Salalah,Wizz Air Abu Dhabi,9200,8301,8301,0,0,0.9022826086956521
2025-08,Philippines,Manila,Etihad Airways,19053,18823,5664,13159,0,0.9879284102241117
2025-08,Poland,Warsaw,Etihad Airways,5257,5172,1383,3789,0,0.9838310823663686
2025-08,Qatar,Doha,Etihad Airways,23344,13705,3494,10211,0,0.5870887594242632
2025-08,Qatar,Doha,Qatar Airways,29200,22866,22793,73,0,0.783082191780822
2025-08,Russian Federation,Moscow,Aeroflot Russian Airlines,4920,4500,4500,0,0,0.9146341463414634
2025-08,Russian Federation,Moscow,Air Arabia Abu Dhabi,5220,4703,2807,1896,0,0.9009578544061303
2025-08,Russian Federation,Moscow,Etihad Airways,18468,17727,4273,13454,0,0.9598765432098766
2025-08,Russian Federation,Sochi,Etihad Airways,2054,2010,1011,999,0,0.9785783836416748
2025-08,Saudi Arabia,Dammam,Etihad Airways,15982,11713,4323,7390,0,0.7328869978726067
2025-08,Saudi Arabia,Dammam,Wizz Air Abu Dhabi,1840,994,994,0,0,0.5402173913043479
2025-08,Saudi Arabia,Gassim,Etihad Airways,1940,1423,178,1245,0,0.7335051546391752
2025-08,Saudi Arabia,Jeddah,Etihad Airways,22241,20774,9067,11707,0,0.9340407355784363
2025-08,Saudi Arabia,Jeddah,FLYNAS,5400,4648,4613,35,0,0.8607407407407407
2025-08,Saudi Arabia,Jeddah,Saudi Arabian Airlines,4911,4020,3988,32,0,0.8185705558949298
2025-08,Saudi Arabia,Madinah,Wizz Air Abu Dhabi,4370,2875,2875,0,0,0.6578947368421053
2025-08,Saudi Arabia,Riyadh,Etihad Airways,23506,20051,4958,15093,0,0.8530162511699141
2025-08,Saudi Arabia,Riyadh,FLYNAS,1548,1146,1146,0,0,0.7403100775193798
2025-08,Saudi Arabia,Riyadh,Saudi Arabian Airlines,4598,3593,3581,12,0,0.7814267072640279
2025-08,South Korea,Seoul,Etihad Airways,13933,13624,2286,11338,0,0.9778224359434436
2025-08,Spain,Barcelona,Etihad Airways,18788,18138,2727,15411,0,0.9654034490100064
2025-08,Spain,Madrid,Etihad Airways,19884,19278,3334,15944,0,0.9695232347616174
2025-08,Spain,Malaga,Etihad Airways,7083,6973,2751,4222,0,0.9844698574050543
2025-08,Switzerland,Geneva,Etihad Airways,7006,6511,1909,4602,0,0.9293462746217528
2025-08,Switzerland,Zurich,Etihad Airways,17645,16543,2984,13559,0,0.9375460470388212
2025-08,Turkey,Antalya,Etihad Airways,2092,1993,1439,554,0,0.9526768642447419
2025-08,Turkey,Istanbul,Etihad Airways,11901,11168,6090,5078,0,0.9384085370977229
2025-08,Turkey,Istanbul,Turkish Airlines,7827,6996,6874,122,0,0.8938290532771177
2025-08,Turkey,Sabiha Gokcen,Air Arabia Abu Dhabi,2958,2898,2820,78,0,0.9797160243407708
2025-08,Turkey,Sabiha Gokcen,Pegasus Airlines,4488,3772,3772,0,0,0.8404634581105169
2025-08,Turkey,Trabzon,Air Arabia Abu Dhabi,4172,3999,3937,62,0,0.9585330776605945
2025-08,United Kingdom,London,Etihad Airways,51020,50250,14757,35493,0,0.9849078792630341
2025-08,United Kingdom,Manchester,Etihad Airways,20645,19637,3860,15777,0,0.9511746185517075
2025-08,United States of America,Atlanta,Etihad Airways,6307,5062,602,4460,0,0.8026002853971778
2025-08,United States of America,Boston,Etihad Airways,8934,6866,690,6176,0,0.7685247369599284
2025-08,United States of America,Chicago,Etihad Airways,11458,9822,1264,8558,0,0.8572176645138768
2025-08,United States of America,New York,Etihad Airways,18507,16136,2306,13830,0,0.8718863132868644
2025-08,United States of America,Washington,Etihad Airways,9315,7815,838,6977,0,0.8389694041867954
2025-08,Uzbekistan,Tashkent,Wizz Air Abu Dhabi,5290,4409,4409,0,0,0.8334593572778828
2025-09,Armenia,Yerevan,Air Arabia Abu Dhabi,4698,4449,4165,284,0,0.9469987228607918
2025-09,Austria,Vienna,Etihad Airways,10879,9708,2626,7082,0,0.8923614302785182
2025-09,Azerbaijan,Baku,Air Arabia Abu Dhabi,3828,2655,2510,145,0,0.6935736677115988
2025-09,Bahrain,Bahrain,Air Arabia Abu Dhabi,10266,5985,3308,2677,0,0.5829924021040327
2025-09,Bahrain,Bahrain,Etihad Airways,15288,9866,5085,4781,0,0.6453427524856097
2025-09,Bahrain,Bahrain,Gulf Air,8907,4700,4533,167,0,0.527674862467722
2025-09,Belgium,Brussels,Etihad Airways,10232,9363,1170,8193,0,0.9150703674745895
2025-09,Canada,Toronto,Etihad Airways,14580,14093,1462,12631,0,0.9665980795610425
2025-09,China,Beijing,Etihad Airways,8713,8536,1056,7480,0,0.979685527372891
2025-09,China,Shanghai,China Eastern Airlines,6864,6522,6522,0,0,0.9501748251748252
2025-09,Egypt,Alexandria,Air Arabia Abu Dhabi,5220,5201,5041,160,0,0.996360153256705
2025-09,Egypt,Cairo,Air Arabia Abu Dhabi,10204,9999,9531,468,0,0.9799098392787142
2025-09,Egypt,Cairo,Egyptair,9604,8869,8787,82,0,0.923469387755102
2025-09,Egypt,Cairo,Etihad Airways,12945,12697,9207,3490,0,0.9808420239474701
2025-09,Egypt,Giza,Wizz Air Abu Dhabi,230,217,217,0,0,0.9434782608695652
2025-09,France,Nice,Etihad Airways,580,383,140,243,0,0.6603448275862069
2025-09,France,Paris,Etihad Airways,20817,19131,3406,15725,0,0.9190085026660902
2025-09,Germany,Dusseldorf,Etihad Airways,6140,5539,749,4790,0,0.9021172638436482
2025-09,Germany,Frankfurt,Etihad Airways,17829,16711,3182,13529,0,0.9372931740422906
2025-09,Germany,Munich,Etihad Airways,17490,14999,3274,11725,0,0.8575757575757575
2025-09,India,Ahmedabad,Air Arabia Abu Dhabi,4250,4078,3269,809,0,0.9595294117647059
2025-09,India,Ahmedabad,Akasa Air,197,181,181,0,0,0.9187817258883249
2025-09,India,Ahmedabad,Etihad Airways,11544,10859,3044,7815,0,0.9406618156618156
2025-09,India,Ahmedabad,IndiGo,5556,5061,5061,0,0,0.9109071274298056
2025-09,India,Bengaluru,Air India Express,5434,5134,5134,0,0,0.9447920500552079
2025-09,India,Bengaluru,Akasa Air,4293,3862,3862,0,0,0.8996040065222455
2025-09,India,Bengaluru,Etihad Airways,15961,15758,3482,12276,0,0.9872814986529667
2025-09,India,Bengaluru,IndiGo,6960,6653,6653,0,0,0.9558908045977011
2025-09,India,Bhubaneshwar,IndiGo,2400,2146,2146,0,0,0.8941666666666667
2025-09,India,Chandigarh,IndiGo,2418,2276,2276,0,0,0.9412737799834574
2025-09,India,Chennai,Air Arabia Abu Dhabi,6630,6496,2782,3714,0,0.979788838612368
2025-09,India,Chennai,Akasa Air,4728,4122,4122,0,0,0.8718274111675127
2025-09,India,Chennai,Etihad Airways,15514,15331,3387,11944,0,0.9882042026556659
2025-09,India,Chennai,IndiGo,6960,6762,6762,0,0,0.971551724137931
2025-09,India,Coimbatore,IndiGo,3162,3200,3200,0,0,1.0120177103099304
2025-09,India,Delhi,Etihad Airways,30810,29428,6566,22862,0,0.9551444336254463
2025-09,India,Delhi,IndiGo,6960,6539,6539,0,0,0.9395114942528736
2025-09,India,Hyderabad,Etihad Airways,15282,15110,2367,12743,0,0.9887449286742573
2025-09,India,Hyderabad,IndiGo,11142,10630,10630,0,0,0.95404774726261
2025-09,India,Jaipur,Etihad Airways,6952,6660,2102,4558,0,0.9579976985040276
2025-09,India,Kannur,Air India Express,8091,7750,7750,0,0,0.9578544061302682
2025-09,India,Kannur,IndiGo,5574,5589,5589,0,0,1.002691065662002
2025-09,India,Kochi,Air Arabia Abu Dhabi,13094,13173,10468,2705,0,1.0060332976936002
2025-09,India,Kochi,Air India Express,5592,5362,5362,0,0,0.9588698140200286
2025-09,India,Kochi,Akasa Air,5290,4520,4520,0,0,0.8544423440453687
2025-09,India,Kochi,Etihad Airways,17110,17245,4080,13165,0,1.0078901227352426
2025-09,India,Kochi,IndiGo,5550,5564,5564,0,0,1.0025225225225225
2025-09,India,Kolkata,Air Arabia Abu Dhabi,2044,1964,1488,476,0,0.9608610567514677
2025-09,India,Kolkata,Etihad Airways,5386,5112,2047,3065,0,0.9491273672484218
2025-09,India,Kozhikode,Air Arabia Abu Dhabi,12070,12162,7988,4174,0,1.007622203811102
2025-09,India,Kozhikode,Air India Express,5573,5364,5364,0,0,0.9624977570428853
2025-09,India,Kozhikode,Etihad Airways,5196,5315,2265,3050,0,1.022902232486528
2025-09,India,Kozhikode,IndiGo,5580,5565,5565,0,0,0.9973118279569892
2025-09,India,Lucknow,IndiGo,6960,6540,6540,0,0,0.9396551724137931
2025-09,India,Madurai,IndiGo,2418,2381,2381,0,0,0.9846980976013234
2025-09,India,Mangalore,Air India Express,5214,5112,5112,0,0,0.9804372842347526
2025-09,India,Mangalore,IndiGo,6960,6975,6975,0,0,1.0021551724137931
2025-09,India,Mumbai,Air India,4912,4587,4580,7,0,0.9338355048859935
2025-09,India,Mumbai,Air India Express,7338,7052,7052,0,0,0.9610248023984737
2025-09,India,Mumbai,Akasa Air,4095,3634,3634,0,0,0.8874236874236874
2025-09,India,Mumbai,Etihad Airways,30195,28972,9834,19138,0,0.9594966053982448
2025-09,India,Mumbai,IndiGo,14952,14371,14371,0,0,0.9611423220973783
2025-09,India,Tiruchchirappalli,Air India Express,2428,2212,2212,0,0,0.9110378912685337
2025-09,India,Trivandrum,Air Arabia Abu Dhabi,14284,14288,10702,3586,0,1.0002800336040325
2025-09,India,Trivandrum,Air India Express,5592,5294,5294,0,0,0.9467095851216023
2025-09,India,Trivandrum,Etihad Airways,7254,7315,2401,4914,0,1.0084091535704438
2025-09,India,Varanasi,Air Arabia Abu Dhabi,174,144,144,0,0,0.8275862068965517
2025-09,India,Vishakhapatnam,IndiGo,3150,2893,2893,0,0,0.9184126984126985
2025-09,Ireland,Dublin,Etihad Airways,15702,12998,1311,11687,0,0.8277926378805248
2025-09,Israel,Tel Aviv,Etihad Airways,17126,16471,2168,14303,0,0.961754058157188
2025-09,Italy,MIlan,Etihad Airways,18298,13807,2351,11456,0,0.7545633402557657
2025-09,Italy,Rome,Etihad Airways,18389,15184,2132,13052,0,0.8257110228941215
2025-09,Japan,Osaka-Kansai,Etihad Airways,7040,6752,493,6259,0,0.9590909090909091
2025-09,Japan,Tokyo,Etihad Airways,11130,10850,974,9876,0,0.9748427672955975
2025-09,Jordan,Amman,Air Arabia Abu Dhabi,5742,5021,4861,160,0,0.8744339951236503
2025-09,Jordan,Amman,Etihad Airways,8010,7694,5459,2235,0,0.9605493133583021
2025-09,Jordan,Amman,Royal Jordanian,4805,4471,4327,144,0,0.9304890738813736
2025-09,Kazakhstan,Almaty,Air Arabia Abu Dhabi,2262,1625,1496,129,0,0.7183908045977011
2025-09,Kazakhstan,Almaty,Wizz Air Abu Dhabi,230,131,131,0,0,0.5695652173913044
2025-09,Kuwait,Kuwait,Air Arabia Abu Dhabi,9396,5780,3287,2493,0,0.6151553852703278
2025-09,Kuwait,Kuwait,Etihad Airways,18267,11798,6286,5512,0,0.6458641265670334
2025-09,Lebanon,Beirut,Air Arabia Abu Dhabi,3654,2435,2265,170,0,0.6663929939792008
2025-09,Lebanon,Beirut,Etihad Airways,5333,5129,2029,3100,0,0.9617476092255766
2025-09,Lebanon,Beirut,Middle East Airlines,4580,3564,3505,59,0,0.7781659388646288
2025-09,Netherlands,Amsterdam,Etihad Airways,11130,10707,1523,9184,0,0.9619946091644205
2025-09,Oman,Muscat,Air Arabia Abu Dhabi,1566,918,703,215,0,0.5862068965517241
2025-09,Oman,Muscat,Etihad Airways,18732,14184,6189,7995,0,0.7572069186418963
2025-09,Oman,Salalah,Air Arabia Abu Dhabi,2958,2529,2083,446,0,0.8549695740365112
2025-09,Philippines,Manila,Etihad Airways,17901,16669,3777,12892,0,0.9311770292162449
2025-09,Poland,Krakow,Wizz Air,956,925,925,0,0,0.9675732217573222
2025-09,Poland,Warsaw,Etihad Airways,4967,4851,709,4142,0,0.976645862693779
2025-09,Qatar,Doha,Etihad Airways,19311,9502,2682,6820,0,0.49205116254984205
2025-09,Qatar,Doha,Qatar Airways,25568,16096,15985,111,0,0.6295369211514393
2025-09,Russian Federation,Moscow,Aeroflot Russian Airlines,4672,4329,4329,0,0,0.926583904109589
2025-09,Russian Federation,Moscow,Air Arabia Abu Dhabi,4524,2682,1297,1385,0,0.5928381962864722
2025-09,Russian Federation,Moscow,Etihad Airways,17563,16464,2922,13542,0,0.9374252690314866
2025-09,Russian Federation,Sochi,Etihad Airways,2054,1975,361,1614,0,0.9615384615384616
2025-09,Saudi Arabia,Dammam,Etihad Airways,15988,11191,3666,7525,0,0.6999624718538904
2025-09,Saudi Arabia,Gassim,Etihad Airways,1856,1072,114,958,0,0.5775862068965517
2025-09,Saudi Arabia,Jeddah,Etihad Airways,21419,18519,6842,11677,0,0.8646061907652085
2025-09,Saudi Arabia,Jeddah,FLYNAS,3290,2403,2394,9,0,0.7303951367781155
2025-09,Saudi Arabia,Jeddah,Saudi Arabian Airlines,4426,3024,3012,12,0,0.6832354270221419
2025-09,Saudi Arabia,Riyadh,Etihad Airways,22624,18341,5217,13124,0,0.8106877652050919
2025-09,Saudi Arabia,Riyadh,FLYNAS,3096,1615,1614,1,0,0.521640826873385
2025-09,Saudi Arabia,Riyadh,Saudi Arabian Airlines,4406,2680,2650,30,0,0.6082614616432138
2025-09,South Korea,Seoul,Etihad Airways,14419,14122,1991,12131,0,0.9794021776822248
2025-09,Spain,Barcelona,Etihad Airways,18399,16705,1859,14846,0,0.9079297787923256
2025-09,Spain,Madrid,Etihad Airways,19434,16747,2300,14447,0,0.8617371616754143
2025-09,Spain,Malaga,Etihad Airways,3770,3153,1028,2125,0,0.8363395225464191
2025-09,Switzerland,Geneva,Etihad Airways,6780,5892,970,4922,0,0.8690265486725663
2025-09,Switzerland,Zurich,Etihad Airways,17883,15596,2135,13461,0,0.8721131801151932
2025-09,Turkey,Antalya,Etihad Airways,948,518,350,168,0,0.5464135021097046
2025-09,Turkey,Istanbul,Etihad Airways,11643,9121,4181,4940,0,0.7833891608691917
2025-09,Turkey,Istanbul,Turkish Airlines,7080,5111,5043,68,0,0.7218926553672317
2025-09,Turkey,Sabiha Gokcen,Air Arabia Abu Dhabi,2262,1595,1446,149,0,0.7051282051282052
2025-09,Turkey,Sabiha Gokcen,Pegasus Airlines,4010,3134,3134,0,0,0.7815461346633417
2025-09,United Kingdom,London,Etihad Airways,49144,43814,9533,34281,0,0.891543219925118
2025-09,United Kingdom,Manchester,Etihad Airways,19502,18443,2541,15902,0,0.9456978771408061
2025-09,United States of America,Atlanta,Etihad Airways,6678,5201,515,4686,0,0.7788259958071279
2025-09,United States of America,Boston,Etihad Airways,8921,6384,458,5926,0,0.7156148413854949
2025-09,United States of America,Chicago,Etihad Airways,11130,10171,835,9336,0,0.9138364779874214
2025-09,United States of America,New York,Etihad Airways,18280,14496,1687,12809,0,0.7929978118161926
2025-09,United States of America,Philadelphia,Etihad Airways,370,110,110,0,0,0.2972972972972973
2025-09,United States of America,Washington,Etihad Airways,9064,7837,639,7198,0,0.8646293027360988
2025-09,Uzbekistan,Tashkent,Air Arabia Abu Dhabi,2088,1343,854,489,0,0.6431992337164751
2025-09,Uzbekistan,Tashkent,Wizz Air Abu Dhabi,230,100,100,0,0,0.43478260869565216
2025-10,Armenia,Yerevan,Air Arabia Abu Dhabi,6960,6156,5603,553,0,0.8844827586206897
2025-10,Austria,Vienna,Etihad Airways,11375,11347,3954,7393,0,0.9975384615384615
2025-10,Azerbaijan,Baku,Air Arabia Abu Dhabi,3828,3020,2758,262,0,0.7889237199582028
2025-10,Bahrain,Bahrain,Air Arabia Abu Dhabi,10092,7435,3675,3760,0,0.7367221561632976
2025-10,Bahrain,Bahrain,Etihad Airways,15800,10421,5455,4966,0,0.6595569620253164
2025-10,Bahrain,Bahrain,Gulf Air,9098,6702,6435,267,0,0.7366454165750714
2025-10,Belgium,Brussels,Etihad Airways,11032,10514,2270,8244,0,0.9530456852791879
2025-10,Canada,Toronto,Etihad Airways,15066,15361,1736,13625,0,1.0195805124120536
2025-10,China,Beijing,Etihad Airways,8848,7873,1596,6277,0,0.8898056057866185
2025-10,China,Haikou,Hainan Airlines,595,260,257,3,0,0.4369747899159664
2025-10,China,Shanghai,China Eastern Airlines,8184,6311,6311,0,0,0.77113880742913
2025-10,Egypt,Alexandria,Air Arabia Abu Dhabi,5046,4949,4912,37,0,0.9807768529528339
2025-10,Egypt,Cairo,Air Arabia Abu Dhabi,10540,10292,10133,159,0,0.9764705882352941
2025-10,Egypt,Cairo,Egyptair,9968,8983,8848,135,0,0.9011837881219904
2025-10,Egypt,Cairo,Etihad Airways,11986,11457,7706,3751,0,0.9558651760387118
2025-10,France,Paris,Etihad Airways,22694,22123,6135,15988,0,0.974839164536882
2025-10,Germany,Dusseldorf,Etihad Airways,5220,5043,1005,4038,0,0.9660919540229885
2025-10,Germany,Frankfurt,Etihad Airways,18687,18449,4458,13991,0,0.9872638732808905
2025-10,Germany,Munich,Etihad Airways,17891,17599,3995,13604,0,0.9836789447208093
2025-10,India,Ahmedabad,Air Arabia Abu Dhabi,4698,4035,2906,1129,0,0.8588761174968071
2025-10,India,Ahmedabad,Etihad Airways,12171,10812,4008,6804,0,0.888341138772492
2025-10,India,Ahmedabad,IndiGo,5718,4562,4562,0,0,0.7978314095837705
2025-10,India,Bengaluru,Air India Express,5634,4754,4754,0,0,0.8438054668086616
2025-10,India,Bengaluru,Akasa Air,5056,3979,3979,0,0,0.7869857594936709
2025-10,India,Bengaluru,Etihad Airways,15836,13716,4445,9271,0,0.8661278100530437
2025-10,India,Bengaluru,IndiGo,7750,6892,6892,0,0,0.8892903225806451
2025-10,India,Bhubaneshwar,IndiGo,2412,1377,1377,0,0,0.5708955223880597
2025-10,India,Chandigarh,IndiGo,2016,1616,1616,0,0,0.8015873015873016
2025-10,India,Chennai,Air Arabia Abu Dhabi,6786,5802,3403,2399,0,0.8549955791335102
2025-10,India,Chennai,Akasa Air,3513,3001,3001,0,0,0.8542556219755195
2025-10,India,Chennai,Etihad Airways,16258,14761,5571,9190,0,0.9079222536597368
2025-10,India,Chennai,IndiGo,3944,3166,3166,0,0,0.802738336713996
2025-10,India,Coimbatore,IndiGo,3162,2714,2714,0,0,0.8583175205566097
2025-10,India,Delhi,Etihad Airways,31403,27672,7203,20469,0,0.8811896952520459
2025-10,India,Delhi,IndiGo,6960,6209,6209,0,0,0.8920977011494253
2025-10,India,Hyderabad,Etihad Airways,15844,13587,2682,10905,0,0.8575485988386771
2025-10,India,Hyderabad,IndiGo,11316,9317,9317,0,0,0.8233474726051608
2025-10,India,Jaipur,Etihad Airways,6990,5325,2036,3289,0,0.7618025751072961
2025-10,India,Kannur,Air India Express,7646,7043,7043,0,0,0.9211352341093382
2025-10,India,Kannur,IndiGo,3336,3176,3176,0,0,0.9520383693045563
2025-10,India,Kochi,Air Arabia Abu Dhabi,13742,13153,10909,2244,0,0.957138698879348
2025-10,India,Kochi,Air India Express,5175,4671,4671,0,0,0.9026086956521739
2025-10,India,Kochi,Akasa Air,5043,4153,4153,0,0,0.8235177473725956
2025-10,India,Kochi,Etihad Airways,17618,16912,6386,10526,0,0.9599273470314451
2025-10,India,Kochi,IndiGo,5742,5469,5469,0,0,0.9524555903866249
2025-10,India,Kolkata,Air Arabia Abu Dhabi,2432,2284,1860,424,0,0.9391447368421053
2025-10,India,Kolkata,Etihad Airways,5688,4973,2015,2958,0,0.8742967651195499
2025-10,India,Kozhikode,Air Arabia Abu Dhabi,12354,12137,8739,3398,0,0.9824348389185689
2025-10,India,Kozhikode,Air India Express,5628,5168,5168,0,0,0.9182658137882018
2025-10,India,Kozhikode,Etihad Airways,5544,5558,3084,2474,0,1.0025252525252526
2025-10,India,Kozhikode,IndiGo,3330,3196,3196,0,0,0.9597597597597598
2025-10,India,Lucknow,IndiGo,5604,4094,4094,0,0,0.7305496074232691
2025-10,India,Madurai,IndiGo,2598,2118,2118,0,0,0.815242494226328
2025-10,India,Mangalore,Air India Express,5543,5497,5497,0,0,0.991701244813278
2025-10,India,Mangalore,IndiGo,7192,6889,6889,0,0,0.9578698553948832
2025-10,India,Mumbai,Air India,4100,3627,3624,3,0,0.8846341463414634
2025-10,India,Mumbai,Air India Express,7430,6590,6590,0,0,0.8869448183041723
2025-10,India,Mumbai,Akasa Air,5059,4555,4555,0,0,0.9003755682941292
2025-10,India,Mumbai,Etihad Airways,31032,27223,12556,14667,0,0.8772557360144367
2025-10,India,Mumbai,IndiGo,15232,12831,12831,0,0,0.8423713235294118
2025-10,India,Tiruchchirappalli,Air India Express,2629,2004,2004,0,0,0.7622670216812476
2025-10,India,Trivandrum,Air Arabia Abu Dhabi,13920,13543,10673,2870,0,0.9729166666666667
2025-10,India,Trivandrum,Air India Express,4464,4079,4079,0,0,0.9137544802867383
2025-10,India,Trivandrum,Etihad Airways,7566,7269,3636,3633,0,0.9607454401268835
2025-10,India,Vishakhapatnam,IndiGo,3330,2383,2383,0,0,0.7156156156156156
2025-10,Ireland,Dublin,Etihad Airways,15970,15574,2131,13443,0,0.9752035065748278
2025-10,Israel,Eilat,Etihad Airways,370,87,87,0,0,0.23513513513513515
2025-10,Israel,Tel Aviv,Etihad Airways,26474,20675,3440,17235,0,0.7809548991463322
2025-10,Italy,MIlan,Etihad Airways,18170,17836,3393,14443,0,0.9816180517336268
2025-10,Italy,Rome,Etihad Airways,19023,18780,3120,15660,0,0.9872259895915471
2025-10,Japan,Osaka-Kansai,Etihad Airways,7250,6737,748,5989,0,0.9292413793103448
2025-10,Japan,Tokyo,Etihad Airways,11130,10770,1407,9363,0,0.967654986522911
2025-10,Jordan,Amman,Air Arabia Abu Dhabi,5220,3708,3542,166,0,0.7103448275862069
2025-10,Jordan,Amman,Etihad Airways,7740,6454,4740,1714,0,0.8338501291989664
2025-10,Jordan,Amman,Royal Jordanian,5071,4565,4198,367,0,0.9002169197396963
2025-10,Kazakhstan,Aktau,Air Arabia Abu Dhabi,348,129,129,0,0,0.3706896551724138
2025-10,Kazakhstan,Almaty,Air Arabia Abu Dhabi,2262,1967,1748,219,0,0.8695844385499558
2025-10,Kuwait,Kuwait,Air Arabia Abu Dhabi,10092,7649,3258,4391,0,0.757927070947285
2025-10,Kuwait,Kuwait,Etihad Airways,17900,12508,7502,5006,0,0.6987709497206704
2025-10,Kuwait,Kuwait,Jazeera Airways,1576,1266,1266,0,0,0.8032994923857868
2025-10,Lebanon,Beirut,Air Arabia Abu Dhabi,3828,2300,2137,163,0,0.6008359456635318
2025-10,Lebanon,Beirut,Etihad Airways,4750,3953,1911,2042,0,0.8322105263157895
2025-10,Lebanon,Beirut,Middle East Airlines,4722,3639,3583,56,0,0.7706480304955527
2025-10,Netherlands,Amsterdam,Etihad Airways,11457,11409,2564,8845,0,0.9958104215763289
2025-10,Netherlands,Maastricht,Synergy Aviation,189,66,66,0,0,0.3492063492063492
2025-10,Oman,Muscat,Etihad Airways,19328,14440,6363,8077,0,0.7471026490066225
2025-10,Oman,Salalah,Air Arabia Abu Dhabi,3132,2164,1295,869,0,0.6909323116219668
2025-10,Philippines,Manila,Etihad Airways,20654,19162,5132,14030,0,0.9277621768180497
2025-10,Poland,Katowice,Wizz Air,1195,1163,1163,0,0,0.9732217573221758
2025-10,Poland,Krakow,Wizz Air,2629,2494,2494,0,0,0.9486496766831495
2025-10,Poland,Warsaw,Etihad Airways,5220,5165,816,4349,0,0.9894636015325671
2025-10,Qatar,Doha,Etihad Airways,21522,13184,4360,8824,0,0.612582473747793
2025-10,Qatar,Doha,Qatar Airways,27163,20434,20276,158,0,0.7522733129624858
2025-10,Russian Federation,Moscow,Aeroflot Russian Airlines,4844,4789,4789,0,0,0.9886457473162675
2025-10,Russian Federation,Moscow,Air Arabia Abu Dhabi,2784,2660,1012,1648,0,0.9554597701149425
2025-10,Russian Federation,Moscow,Etihad Airways,23165,22285,7523,14762,0,0.9620116555147853
2025-10,Russian Federation,Moscow,Pobeda,3213,3130,3130,0,0,0.9741674447556801
2025-10,Russian Federation,Sochi,Etihad Airways,2054,1941,688,1253,0,0.944985394352483
2025-10,Russian Federation,St. Petersburg,Etihad Airways,580,569,274,295,0,0.9810344827586207
2025-10,Saudi Arabia,Dammam,Etihad Airways,21360,14692,4931,9761,0,0.6878277153558052
2025-10,Saudi Arabia,Gassim,Etihad Airways,1584,1052,75,977,0,0.6641414141414141
2025-10,Saudi Arabia,Jeddah,Etihad Airways,23824,20619,8025,12594,0,0.865471793149765
2025-10,Saudi Arabia,Jeddah,FLYNAS,5332,3843,3825,18,0,0.7207426856714179
2025-10,Saudi Arabia,Jeddah,Saudi Arabian Airlines,4665,3127,3103,24,0,0.6703108252947482
2025-10,Saudi Arabia,Riyadh,Etihad Airways,24410,19284,6584,12700,0,0.7900040966816878
2025-10,Saudi Arabia,Riyadh,FLYNAS,5332,2590,2589,1,0,0.4857464366091523
2025-10,Saudi Arabia,Riyadh,Saudi Arabian Airlines,4743,2881,2833,48,0,0.6074214632089395
2025-10,South Korea,Seoul,Etihad Airways,14786,13297,2398,10899,0,0.8992966319491411
2025-10,Spain,Barcelona,Etihad Airways,18916,18886,2558,16328,0,0.9984140410234722
2025-10,Spain,Madrid,Etihad Airways,20390,20327,3349,16978,0,0.9969102501226091
2025-10,Spain,Malaga,Etihad Airways,2946,2910,1175,1735,0,0.9877800407331976
2025-10,Switzerland,Geneva,Etihad Airways,7006,6598,1406,5192,0,0.941764202112475
2025-10,Switzerland,Zurich,Etihad Airways,18611,17864,3832,14032,0,0.9598624469399817
2025-10,Turkey,Istanbul,Etihad Airways,12692,12107,5238,6869,0,0.9539079735266309
2025-10,Turkey,Istanbul,Turkish Airlines,8864,7984,7772,212,0,0.9007220216606499
2025-10,Turkey,Sabiha Gokcen,Air Arabia Abu Dhabi,2088,1971,1739,232,0,0.9439655172413793
2025-10,Turkey,Sabiha Gokcen,Pegasus Airlines,5391,4808,4808,0,0,0.8918567983676498
2025-10,United Kingdom,London,British Airways,1200,1084,1067,17,0,0.9033333333333333
2025-10,United Kingdom,London,Etihad Airways,48946,48514,16111,32403,0,0.9911739467985127
2025-10,United Kingdom,Manchester,Etihad Airways,20018,19731,3937,15794,0,0.9856629033869517
2025-10,United States of America,Atlanta,Etihad Airways,6307,5858,628,5230,0,0.9288092595528777
2025-10,United States of America,Boston,Etihad Airways,9302,8342,633,7709,0,0.8967963878735756
2025-10,United States of America,Chicago,Etihad Airways,11501,11153,1058,10095,0,0.969741761585949
2025-10,United States of America,New York,Etihad Airways,18507,17307,2049,15258,0,0.9351596693143135
2025-10,United States of America,Washington,Etihad Airways,9354,9056,856,8200,0,0.9681419713491555
2025-10,Uzbekistan,Tashkent,Air Arabia Abu Dhabi,2262,2021,1527,494,0,0.8934571175950486
2025-11,Armenia,Yerevan,Air Arabia Abu Dhabi,5046,3894,3608,286,0,0.7717003567181926
2025-11,Austria,Vienna,Etihad Airways,10853,10084,2372,7712,0,0.9291440154795909
2025-11,Azerbaijan,Baku,Air Arabia Abu Dhabi,4002,3219,3021,198,0,0.8043478260869565
2025-11,Bahrain,Bahrain,Air Arabia Abu Dhabi,9396,6681,4154,2527,0,0.7110472541507025
2025-11,Bahrain,Bahrain,Etihad Airways,14048,10057,4738,5319,0,0.7159026195899773
2025-11,Bahrain,Bahrain,Gulf Air,10033,6877,6668,209,0,0.6854380544204126
2025-11,Belgium,Brussels,Etihad Airways,10735,9662,1465,8197,0,0.9000465766185375
2025-11,Canada,Toronto,Etihad Airways,14580,14854,1839,13015,0,1.0187928669410151
2025-11,China,Beijing,Etihad Airways,8572,7940,2353,5587,0,0.9262715818945404
2025-11,China,Haikou,Hainan Airlines,1460,922,917,5,0,0.6315068493150685
2025-11,China,Shanghai,China Eastern Airlines,7920,6015,6015,0,0,0.759469696969697
2025-11,Egypt,Alexandria,Air Arabia Abu Dhabi,5046,4655,4528,127,0,0.9225128814902893
2025-11,Egypt,Asyut,Air Arabia Abu Dhabi,1740,1646,1644,2,0,0.9459770114942528
2025-11,Egypt,Cairo,Air Arabia Abu Dhabi,10200,9866,9687,179,0,0.9672549019607843
2025-11,Egypt,Cairo,Egyptair,10060,8530,8413,117,0,0.8479125248508946
2025-11,Egypt,Cairo,Etihad Airways,14679,13778,8770,5008,0,0.9386197969888957
2025-11,France,Paris,Etihad Airways,21525,19896,4399,15497,0,0.9243205574912892
2025-11,Germany,Berlin,Eurowings,1968,1787,1783,4,0,0.9080284552845529
2025-11,Germany,Dusseldorf,Etihad Airways,5580,5047,943,4104,0,0.9044802867383512
2025-11,Germany,Frankfurt,Etihad Airways,17941,17225,3235,13990,0,0.9600914107351876
2025-11,Germany,Munich,Etihad Airways,18145,17414,3250,14164,0,0.9597134196748416
2025-11,India,Ahmedabad,Air Arabia Abu Dhabi,4524,3887,3413,474,0,0.8591954022988506
2025-11,India,Ahmedabad,Etihad Airways,11946,10773,2752,8021,0,0.9018081366147664
2025-11,India,Ahmedabad,IndiGo,5562,5017,5017,0,0,0.9020136641495865
2025-11,India,Bengaluru,Air India Express,5442,4614,4614,0,0,0.8478500551267916
2025-11,India,Bengaluru,Akasa Air,4839,3955,3955,0,0,0.8173176276090102
2025-11,India,Bengaluru,Etihad Airways,16215,14810,4319,10491,0,0.9133518347209374
2025-11,India,Bengaluru,IndiGo,7326,6199,6199,0,0,0.8461643461643462
2025-11,India,Bhubaneshwar,IndiGo,2394,2021,2021,0,0,0.8441938178780284
2025-11,India,Chandigarh,IndiGo,1848,1633,1633,0,0,0.8836580086580087
2025-11,India,Chennai,Air Arabia Abu Dhabi,6786,6262,4352,1910,0,0.9227821986442676
2025-11,India,Chennai,Akasa Air,3351,3036,3036,0,0,0.9059982094897046
2025-11,India,Chennai,Etihad Airways,15366,14103,4499,9604,0,0.917805544709098
2025-11,India,Chennai,IndiGo,4176,3770,3770,0,0,0.9027777777777778
2025-11,India,Coimbatore,IndiGo,3330,2977,2977,0,0,0.893993993993994
2025-11,India,Delhi,Etihad Airways,30164,29244,7274,21970,0,0.9695000663042037
2025-11,India,Delhi,IndiGo,6960,6639,6639,0,0,0.9538793103448275
2025-11,India,Hyderabad,Etihad Airways,15830,14519,3152,11367,0,0.9171825647504738
2025-11,India,Hyderabad,IndiGo,11112,9825,9825,0,0,0.8841792656587473
2025-11,India,Jaipur,Etihad Airways,6636,6276,2413,3863,0,0.945750452079566
2025-11,India,Kannur,Air India Express,5586,5093,5093,0,0,0.9117436448263516
2025-11,India,Kannur,IndiGo,2958,2792,2792,0,0,0.9438810006761326
2025-11,India,Kochi,Air Arabia Abu Dhabi,12354,12097,10709,1388,0,0.979197021207706
2025-11,India,Kochi,Air India Express,3180,2831,2831,0,0,0.890251572327044
2025-11,India,Kochi,Akasa Air,4653,4072,4072,0,0,0.8751343219428326
2025-11,India,Kochi,Etihad Airways,16986,16712,5739,10973,0,0.9838690686447663
2025-11,India,Kochi,IndiGo,5532,5362,5362,0,0,0.9692697035430224
2025-11,India,Kolkata,Air Arabia Abu Dhabi,2262,2157,1718,439,0,0.9535809018567639
2025-11,India,Kolkata,Etihad Airways,5819,5336,2430,2906,0,0.9169960474308301
2025-11,India,Kozhikode,Air Arabia Abu Dhabi,11136,10882,9194,1688,0,0.977191091954023
2025-11,India,Kozhikode,Air India Express,3183,2910,2910,0,0,0.9142318567389256
2025-11,India,Kozhikode,Etihad Airways,5386,5388,3447,1941,0,1.000371333085778
2025-11,India,Kozhikode,IndiGo,3138,2978,2978,0,0,0.9490121096239643
2025-11,India,Lucknow,IndiGo,3144,2831,2831,0,0,0.9004452926208651
2025-11,India,Madurai,IndiGo,2214,1862,1862,0,0,0.8410117434507678
2025-11,India,Mangalore,Air India Express,5300,5008,5008,0,0,0.9449056603773585
2025-11,India,Mangalore,IndiGo,6960,6660,6660,0,0,0.9568965517241379
2025-11,India,Mumbai,Air India Express,5310,4809,4809,0,0,0.9056497175141243
2025-11,India,Mumbai,Akasa Air,4854,4365,4365,0,0,0.8992583436341162
2025-11,India,Mumbai,Etihad Airways,30096,28706,14575,14131,0,0.9538144603934078
2025-11,India,Mumbai,IndiGo,13344,11882,11882,0,0,0.8904376498800959
2025-11,India,Tiruchchirappalli,Air India Express,2235,1857,1857,0,0,0.8308724832214766
2025-11,India,Trivandrum,Air Arabia Abu Dhabi,12702,12393,10795,1598,0,0.9756731223429381
2025-11,India,Trivandrum,Etihad Airways,7104,6889,3283,3606,0,0.9697353603603603
2025-11,India,Vishakhapatnam,IndiGo,3138,2227,2227,0,0,0.7096876991714468
2025-11,Ireland,Dublin,Etihad Airways,15427,14470,1664,12806,0,0.9379659039346601
2025-11,Israel,Tel Aviv,Etihad Airways,24204,19769,3875,15894,0,0.8167658238307718
2025-11,Italy,MIlan,Etihad Airways,20057,17074,3530,13544,0,0.8512738694720048
2025-11,Italy,Rome,Etihad Airways,17846,16201,2877,13324,0,0.9078224812282865
2025-11,Japan,Osaka-Kansai,Etihad Airways,3770,3701,359,3342,0,0.9816976127320954
2025-11,Japan,Tokyo,Etihad Airways,11130,11093,1379,9714,0,0.9966756513926325
2025-11,Jordan,Amman,Air Arabia Abu Dhabi,4872,3543,3397,146,0,0.7272167487684729
2025-11,Jordan,Amman,Etihad Airways,7740,6855,4691,2164,0,0.8856589147286822
2025-11,Jordan,Amman,Royal Jordanian,4160,3147,2903,244,0,0.7564903846153846
2025-11,Kazakhstan,Almaty,Air Arabia Abu Dhabi,2262,1699,1611,88,0,0.751105216622458
2025-11,Kuwait,Kuwait,Air Arabia Abu Dhabi,9570,6637,3589,3048,0,0.693521421107628
2025-11,Kuwait,Kuwait,Etihad Airways,16953,11875,7163,4712,0,0.7004659942193122
2025-11,Kuwait,Kuwait,Jazeera Airways,1579,720,720,0,0,0.4559848005066498
2025-11,Lebanon,Beirut,Air Arabia Abu Dhabi,3132,1727,1655,72,0,0.551404853128991
2025-11,Lebanon,Beirut,Etihad Airways,4680,3207,1594,1613,0,0.6852564102564103
2025-11,Lebanon,Beirut,Middle East Airlines,4460,3113,3094,19,0,0.6979820627802691
2025-11,Netherlands,Amsterdam,Etihad Airways,11130,11017,2113,8904,0,0.9898472596585804
2025-11,Oman,Muscat,Etihad Airways,20308,15962,5767,10195,0,0.7859956667323222
2025-11,Oman,Salalah,Air Arabia Abu Dhabi,2958,2400,1147,1253,0,0.8113590263691683
2025-11,Philippines,Manila,Etihad Airways,19320,16769,4801,11968,0,0.8679606625258799
2025-11,Poland,Katowice,Wizz Air,5019,4713,4713,0,0,0.9390316796174537
2025-11,Poland,Krakow,Wizz Air,5258,4663,4663,0,0,0.8868391023202739
2025-11,Poland,Warsaw,Etihad Airways,5813,5520,915,4605,0,0.9495957337003269
2025-11,Qatar,Doha,Etihad Airways,19613,11071,3570,7501,0,0.5644725437210014
2025-11,Qatar,Doha,Qatar Airways,25922,16975,16743,232,0,0.6548491628732351
2025-11,Russian Federation,Moscow,Aeroflot Russian Airlines,4730,4606,4606,0,0,0.973784355179704
2025-11,Russian Federation,Moscow,Air Arabia Abu Dhabi,2784,2619,945,1674,0,0.9407327586206896
2025-11,Russian Federation,Moscow,Etihad Airways,24171,21241,6579,14662,0,0.8787803566257085
2025-11,Russian Federation,Moscow,Pobeda,3591,3203,3203,0,0,0.8919521024784183
2025-11,Russian Federation,Sochi,Etihad Airways,2054,1794,503,1291,0,0.8734177215189873
2025-11,Russian Federation,St. Petersburg,Etihad Airways,3770,3581,889,2692,0,0.9498673740053051
2025-11,Saudi Arabia,Dammam,Etihad Airways,21045,15298,5224,10074,0,0.7269185079591352
2025-11,Saudi Arabia,Gassim,Etihad Airways,408,385,48,337,0,0.9436274509803921
2025-11,Saudi Arabia,Jeddah,Etihad Airways,22586,19941,5757,14184,0,0.8828920570264766
2025-11,Saudi Arabia,Jeddah,FLYNAS,5160,3393,3387,6,0,0.6575581395348837
2025-11,Saudi Arabia,Jeddah,Saudi Arabian Airlines,4601,3290,3281,9,0,0.7150619430558575
2025-11,Saudi Arabia,Madinah,Etihad Airways,2952,2913,680,2233,0,0.9867886178861789
2025-11,Saudi Arabia,Riyadh,Etihad Airways,22828,18844,5363,13481,0,0.8254774837918346
2025-11,Saudi Arabia,Riyadh,FLYNAS,5160,3098,3089,9,0,0.6003875968992248
2025-11,Saudi Arabia,Riyadh,Saudi Arabian Airlines,4886,3052,3036,16,0,0.6246418338108882
2025-11,South Korea,Seoul,Etihad Airways,13717,12790,3617,9173,0,0.9324196252824962
2025-11,South Korea,Seoul,Korean Air,150,112,112,0,0,0.7466666666666667
2025-11,Spain,Barcelona,Etihad Airways,17611,17271,2007,15264,0,0.9806938845040032
2025-11,Spain,Madrid,Etihad Airways,18883,18081,3166,14915,0,0.9575279351797914
2025-11,Switzerland,Geneva,Etihad Airways,6780,5960,953,5007,0,0.8790560471976401
2025-11,Switzerland,Zurich,Etihad Airways,16363,14460,2211,12249,0,0.8837010328179429
2025-11,Turkey,Ankara,Pegasus Airlines,186,178,178,0,0,0.956989247311828
2025-11,Turkey,Elazig,Pegasus Airlines,186,181,181,0,0,0.9731182795698925
2025-11,Turkey,Istanbul,Etihad Airways,12054,11008,4551,6457,0,0.9132238261158122
2025-11,Turkey,Istanbul,Turkish Airlines,11163,9066,8846,220,0,0.8121472722386456
2025-11,Turkey,Sabiha Gokcen,Air Arabia Abu Dhabi,2088,1762,1675,87,0,0.8438697318007663
2025-11,Turkey,Sabiha Gokcen,Pegasus Airlines,6400,5486,5486,0,0,0.8571875
2025-11,United Kingdom,London,British Airways,6906,5930,5838,92,0,0.8586736171445121
2025-11,United Kingdom,London,Etihad Airways,49528,47488,12783,34705,0,0.9588111775157486
2025-11,United Kingdom,Manchester,Etihad Airways,21043,20084,2843,17241,0,0.9544266501924631
2025-11,United States of America,Atlanta,Etihad Airways,11130,10799,1198,9601,0,0.9702605570530098
2025-11,United States of America,Boston,Etihad Airways,9064,8886,632,8254,0,0.9803618711385702
2025-11,United States of America,Chicago,Etihad Airways,11130,10962,1196,9766,0,0.9849056603773585
2025-11,United States of America,New York,Etihad Airways,17910,17489,2165,15324,0,0.9764935790061419
2025-11,United States of America,Washington,Etihad Airways,9038,8938,794,8144,0,0.9889356052223943
2025-11,Uzbekistan,Tashkent,Air Arabia Abu Dhabi,2436,2199,1739,460,0,0.9027093596059114
2025-12,Armenia,Yerevan,Air Arabia Abu Dhabi,5568,5017,4486,531,0,0.9010416666666666
2025-12,Austria,Vienna,Etihad Airways,11491,10860,3005,7855,0,0.9450874597511095
2025-12,Azerbaijan,Baku,Air Arabia Abu Dhabi,4002,3596,3335,261,0,0.8985507246376812
2025-12,Bahrain,Bahrain,Air Arabia Abu Dhabi,10788,8352,5119,3233,0,0.7741935483870968
2025-12,Bahrain,Bahrain,Etihad Airways,14854,11280,5282,5998,0,0.7593914097212872
2025-12,Bahrain,Bahrain,Gulf Air,13294,11411,11231,180,0,0.8583571536031293
2025-12,Belgium,Brussels,Etihad Airways,11197,10276,3364,6912,0,0.9177458247744932
2025-12,Canada,Toronto,Etihad Airways,15066,15106,2605,12501,0,1.0026549847338377
2025-12,China,Beijing,Etihad Airways,8734,7475,2732,4743,0,0.855850698419968
2025-12,China,Beijing,Private,19,19,19,0,0,1.0
2025-12,China,Haikou,Hainan Airlines,2044,1005,972,33,0,0.4916829745596869
2025-12,China,Shanghai,China Eastern Airlines,7920,5313,5313,0,0,0.6708333333333333
2025-12,Egypt,Alexandria,Air Arabia Abu Dhabi,4176,4067,4008,59,0,0.9738984674329502
2025-12,Egypt,Asyut,Air Arabia Abu Dhabi,1392,1326,1324,2,0,0.9525862068965517
2025-12,Egypt,Cairo,Air Arabia Abu Dhabi,12074,11415,11234,181,0,0.9454199105515985
2025-12,Egypt,Cairo,Egyptair,10456,9477,9374,103,0,0.9063695485845448
2025-12,Egypt,Cairo,Etihad Airways,16926,15962,11102,4860,0,0.9430462011107172
2025-12,Egypt,Dabah,European Cargo Limited,130,130,130,0,0,1.0
2025-12,Egypt,El Arish,Private,150,50,50,0,0,0.3333333333333333
2025-12,France,Paris,Etihad Airways,22341,21319,6453,14866,0,0.9542545096459424
2025-12,Germany,Berlin,Eurowings,2108,1984,1983,1,0,0.9411764705882353
2025-12,Germany,Dusseldorf,Etihad Airways,4800,4507,977,3530,0,0.9389583333333333
2025-12,Germany,Frankfurt,Etihad Airways,18622,18235,4317,13918,0,0.9792181290946192
2025-12,Germany,Munich,Etihad Airways,18604,17995,4285,13710,0,0.9672651042786498
2025-12,India,Ahmedabad,Air Arabia Abu Dhabi,4524,4064,3312,752,0,0.8983200707338639
2025-12,India,Ahmedabad,Etihad Airways,11900,11414,2490,8924,0,0.9591596638655462
2025-12,India,Ahmedabad,IndiGo,5754,4909,4909,0,0,0.8531456378171707
2025-12,India,Bengaluru,Air India Express,5724,4906,4906,0,0,0.8570929419986024
2025-12,India,Bengaluru,Akasa Air,5120,4736,4736,0,0,0.925
2025-12,India,Bengaluru,Etihad Airways,16565,15605,6648,8957,0,0.9420464835496529
2025-12,India,Bengaluru,IndiGo,7192,5733,5733,0,0,0.7971357063403782
2025-12,India,Bhubaneshwar,IndiGo,744,676,676,0,0,0.9086021505376344
2025-12,India,Chandigarh,IndiGo,4080,3881,3881,0,0,0.9512254901960784
2025-12,India,Chennai,Air Arabia Abu Dhabi,6960,6331,4406,1925,0,0.9096264367816091
2025-12,India,Chennai,Akasa Air,3174,2887,2887,0,0,0.9095778197857592
2025-12,India,Chennai,Etihad Airways,16072,14654,5542,9112,0,0.9117720258835241
2025-12,India,Chennai,IndiGo,7192,5947,5947,0,0,0.8268909899888766
2025-12,India,Coimbatore,IndiGo,3150,2423,2423,0,0,0.7692063492063492
2025-12,India,Delhi,Air India Express,3246,3025,3025,0,0,0.9319162045594578
2025-12,India,Delhi,Etihad Airways,31618,30326,10756,19570,0,0.9591372003289266
2025-12,India,Delhi,IndiGo,7192,6654,6654,0,0,0.925194660734149
2025-12,India,Hyderabad,Etihad Airways,16379,15451,4882,10569,0,0.9433420843763356
2025-12,India,Hyderabad,IndiGo,11460,9221,9221,0,0,0.8046247818499127
2025-12,India,Jaipur,Etihad Airways,7110,6844,3912,2932,0,0.9625879043600563
2025-12,India,Kannur,Air India Express,5604,4824,4824,0,0,0.860813704496788
2025-12,India,Kannur,IndiGo,5562,4568,4568,0,0,0.8212873067241999
2025-12,India,Kochi,Air Arabia Abu Dhabi,13920,12588,11619,969,0,0.9043103448275862
2025-12,India,Kochi,Air India Express,3357,2827,2827,0,0,0.8421209413166518
2025-12,India,Kochi,Akasa Air,4788,3859,3859,0,0,0.8059732664995823
2025-12,India,Kochi,Etihad Airways,17462,15811,6117,9694,0,0.9054518382774024
2025-12,India,Kochi,IndiGo,5544,4164,4164,0,0,0.7510822510822511
2025-12,India,Kolkata,Air Arabia Abu Dhabi,2262,2151,1692,459,0,0.9509283819628647
2025-12,India,Kolkata,Etihad Airways,5760,5618,2483,3135,0,0.9753472222222223
2025-12,India,Kozhikode,Air Arabia Abu Dhabi,13224,12121,10350,1771,0,0.9165910465819722
2025-12,India,Kozhikode,Air India Express,3369,2819,2819,0,0,0.8367468091421787
2025-12,India,Kozhikode,Etihad Airways,5584,5161,3659,1502,0,0.9242478510028653
2025-12,India,Kozhikode,IndiGo,5376,4319,4319,0,0,0.8033854166666666
2025-12,India,Lucknow,IndiGo,5742,5454,5454,0,0,0.9498432601880877
2025-12,India,Madurai,IndiGo,2406,2033,2033,0,0,0.8449709060681629
2025-12,India,Mangalore,Air India Express,5464,5099,5099,0,0,0.933199121522694
2025-12,India,Mangalore,IndiGo,7192,6136,6136,0,0,0.8531701890989989
2025-12,India,Mumbai,Air India Express,5513,4982,4982,0,0,0.9036822056956285
2025-12,India,Mumbai,Akasa Air,5075,4678,4678,0,0,0.9217733990147783
2025-12,India,Mumbai,Etihad Airways,31580,29385,13915,15470,0,0.9304939835338822
2025-12,India,Mumbai,IndiGo,13122,11568,11568,0,0,0.881572930955647
2025-12,India,Poona,Air India Express,2423,2226,2226,0,0,0.918695831613702
2025-12,India,Tiruchchirappalli,Air India Express,2604,1973,1973,0,0,0.7576804915514593
2025-12,India,Trivandrum,Air Arabia Abu Dhabi,15312,13679,12342,1337,0,0.8933516196447231
2025-12,India,Trivandrum,Air India Express,2397,1876,1876,0,0,0.7826449728827701
2025-12,India,Trivandrum,Etihad Airways,7446,6798,3690,3108,0,0.9129734085414988
2025-12,India,Vishakhapatnam,IndiGo,3138,2426,2426,0,0,0.7731038878266412
2025-12,Ireland,Dublin,Etihad Airways,15545,15050,2326,12724,0,0.968156963653908
2025-12,Israel,Tel Aviv,Etihad Airways,30972,27352,7806,19546,0,0.883120237633992
2025-12,Italy,MIlan,Etihad Airways,20605,19016,5532,13484,0,0.9228827954380004
2025-12,Italy,Rome,Etihad Airways,18781,16929,4135,12794,0,0.9013897023587668
2025-12,Japan,Tokyo,Etihad Airways,9830,9408,2327,7081,0,0.9570701932858596
2025-12,Jordan,Amman,Air Arabia Abu Dhabi,5394,5149,5064,85,0,0.9545791620318873
2025-12,Jordan,Amman,Etihad Airways,7758,6934,5150,1784,0,0.8937870585202372
2025-12,Jordan,Amman,Royal Jordanian,5431,4901,4630,271,0,0.9024120788068496
2025-12,Kazakhstan,Almaty,Air Arabia Abu Dhabi,2262,2197,2137,60,0,0.9712643678160919
2025-12,Kuwait,Kuwait,Air Arabia Abu Dhabi,10092,8135,5451,2684,0,0.8060840269520412
2025-12,Kuwait,Kuwait,Etihad Airways,17957,13640,7065,6575,0,0.7595923595255332
2025-12,Kuwait,Kuwait,Jazeera Airways,2823,2001,2001,0,0,0.7088204038257173
2025-12,Lebanon,Beirut,Air Arabia Abu Dhabi,3828,2465,2432,33,0,0.6439393939393939
2025-12,Lebanon,Beirut,Etihad Airways,5922,4121,2204,1917,0,0.6958797703478554
2025-12,Lebanon,Beirut,Middle East Airlines,4620,3466,3461,5,0,0.7502164502164502
2025-12,Netherlands,Amsterdam,Etihad Airways,11501,11210,2487,8723,0,0.9746978523606643
2025-12,Oman,Muscat,Etihad Airways,20672,15127,6045,9082,0,0.7317627708978328
2025-12,Oman,Salalah,Air Arabia Abu Dhabi,3132,2345,1629,716,0,0.7487228607918263
2025-12,Philippines,Manila,Etihad Airways,20607,18264,7401,10860,3,0.886300771582472
2025-12,Poland,Katowice,Wizz Air,6931,6685,6685,0,0,0.964507286105901
2025-12,Poland,Krakow,Wizz Air,5258,4993,4993,0,0,0.9496006085964245
2025-12,Poland,Warsaw,Etihad Airways,7553,7081,1303,5778,0,0.9375082748576724
2025-12,Qatar,Doha,Etihad Airways,21739,17786,6244,11542,0,0.8181609089654538
2025-12,Qatar,Doha,Qatar Airways,29004,24508,24382,126,0,0.8449868983588471
2025-12,Russian Federation,Kazan,Etihad Airways,1896,1687,437,1250,0,0.8897679324894515
2025-12,Russian Federation,Moscow,Aeroflot Russian Airlines,5246,4974,4974,0,0,0.9481509721692718
2025-12,Russian Federation,Moscow,Air Arabia Abu Dhabi,2784,2648,839,1809,0,0.9511494252873564
2025-12,Russian Federation,Moscow,Etihad Airways,26522,23591,9263,14328,0,0.8894879722494533
2025-12,Russian Federation,Moscow,Pobeda,3780,3246,3246,0,0,0.8587301587301587
2025-12,Russian Federation,Sochi,Etihad Airways,3476,2847,856,1991,0,0.8190448791714614
2025-12,Russian Federation,St. Petersburg,Etihad Airways,3807,3259,959,2300,0,0.8560546361964801
2025-12,Saudi Arabia,Dammam,Etihad Airways,20813,15499,4003,11496,0,0.7446788065151588
2025-12,Saudi Arabia,Gassim,Etihad Airways,1926,1324,153,1171,0,0.6874350986500519
2025-12,Saudi Arabia,Jeddah,Etihad Airways,24034,20948,8488,12460,0,0.8715985686943497
2025-12,Saudi Arabia,Jeddah,FLYNAS,5332,4327,4323,4,0,0.8115153788447111
2025-12,Saudi Arabia,Jeddah,Saudi Arabian Airlines,4944,3913,3897,16,0,0.7914644012944984
2025-12,Saudi Arabia,Madinah,Etihad Airways,4752,4551,2281,2270,0,0.9577020202020202
2025-12,Saudi Arabia,Riyadh,Etihad Airways,24245,19667,5775,13892,0,0.8111775623839967
2025-12,Saudi Arabia,Riyadh,FLYNAS,5332,4064,4061,3,0,0.7621905476369092
2025-12,Saudi Arabia,Riyadh,Saudi Arabian Airlines,4283,2950,2938,12,0,0.6887695540508989
2025-12,South Korea,Seoul,Etihad Airways,13353,11070,3157,7913,0,0.8290271849022691
2025-12,Spain,Barcelona,Etihad Airways,17993,16860,3065,13795,0,0.9370310676374145
2025-12,Spain,Madrid,Etihad Airways,19772,17393,4529,12864,0,0.8796783329961562
2025-12,Switzerland,Geneva,Etihad Airways,7070,6233,1733,4500,0,0.8816124469589817
2025-12,Switzerland,Zurich,Etihad Airways,16302,15406,3273,12133,0,0.9450374187216293
2025-12,Turkey,Antalya,SunExpress,945,740,740,0,0,0.783068783068783
2025-12,Turkey,Istanbul,Etihad Airways,6706,6501,3180,3321,0,0.9694303608708619
2025-12,Turkey,Istanbul,Turkish Airlines,11482,9865,9611,254,0,0.8591708761539801
2025-12,Turkey,Izmir,SunExpress,1323,956,956,0,0,0.7226001511715797
2025-12,Turkey,Sabiha Gokcen,Air Arabia Abu Dhabi,2262,2170,2078,92,0,0.9593280282935456
2025-12,Turkey,Sabiha Gokcen,Pegasus Airlines,6931,5968,5966,2,0,0.861059010243832
2025-12,United Kingdom,London,British Airways,6811,6631,6556,75,0,0.9735721626780208
2025-12,United Kingdom,London,Etihad Airways,51285,50042,17410,32632,0,0.975762893633616
2025-12,United Kingdom,Manchester,Etihad Airways,22446,21617,4323,17294,0,0.9630669161543259
2025-12,United States of America,Atlanta,Etihad Airways,11501,11103,1576,9527,0,0.9653943135379532
2025-12,United States of America,Boston,Etihad Airways,9354,8875,1153,7722,0,0.9487919606585418
2025-12,United States of America,Chicago,Etihad Airways,11501,11053,1616,9437,0,0.9610468654899574
2025-12,United States of America,New York,Etihad Airways,18345,17322,2796,14526,0,0.9442354865085855
2025-12,United States of America,Washington,Etihad Airways,9380,9051,1281,7770,0,0.9649253731343284
2025-12,Uzbekistan,Tashkent,Air Arabia Abu Dhabi,2088,2053,1767,286,0,0.9832375478927203
2025-12,Uzbekistan,Tashkent,Air Samarkand,194,189,189,0,0,0.9742268041237113
2026-01,Armenia,Yerevan,Air Arabia Abu Dhabi,5742,4343,3884,459,0,0.7563566701497736
2026-01,Austria,Vienna,Etihad Airways,11352,10891,2145,8746,0,0.9593904157857647
2026-01,Azerbaijan,Baku,Air Arabia Abu Dhabi,4002,3604,3312,292,0,0.9005497251374313
2026-01,Azerbaijan,Baku,Private,150,133,133,0,0,0.8866666666666667
2026-01,Bahrain,Bahrain,Air Arabia Abu Dhabi,10788,8968,5245,3723,0,0.8312940304041527
2026-01,Bahrain,Bahrain,Etihad Airways,15386,11601,6266,5335,0,0.7539971402573769
2026-01,Bahrain,Bahrain,Gulf Air,12725,9413,9081,332,0,0.7397249508840864
2026-01,Belgium,Brussels,Etihad Airways,11801,10497,1379,9118,0,0.8895008897551056
2026-01,Canada,Toronto,Etihad Airways,15066,15195,1594,13601,0,1.0085623257666267
2026-01,China,Beijing,Air China,1465,1197,1197,0,0,0.8170648464163822
2026-01,China,Beijing,Etihad Airways,8798,8140,2637,5503,0,0.9252102750625142
2026-01,China,Haikou,Hainan Airlines,1168,692,687,5,0,0.5924657534246576
2026-01,China,Shanghai,China Eastern Airlines,6864,6050,6050,0,0,0.8814102564102564
2026-01,Egypt,Alexandria,Air Arabia Abu Dhabi,3828,3787,3620,167,0,0.9892894461859979
2026-01,Egypt,Asyut,Air Arabia Abu Dhabi,1044,1040,1035,5,0,0.9961685823754789
2026-01,Egypt,Cairo,Air Arabia Abu Dhabi,11058,10856,10272,584,0,0.9817326822210165
2026-01,Egypt,Cairo,Egyptair,10669,10145,10079,66,0,0.9508857437435561
2026-01,Egypt,Cairo,Etihad Airways,16703,16406,10647,5759,0,0.9822187630964497
2026-01,France,Paris,Etihad Airways,24709,23811,4870,18941,0,0.9636569670970092
2026-01,Germany,Berlin,Eurowings,2078,1967,1965,2,0,0.9465832531280077
2026-01,Germany,Dusseldorf,Etihad Airways,4960,4809,696,4113,0,0.9695564516129033
2026-01,Germany,Frankfurt,Etihad Airways,17734,16119,2213,13906,0,0.9089319950377805
2026-01,Germany,Munich,Etihad Airways,18171,15893,2254,13639,0,0.8746354080678004
2026-01,India,Ahmedabad,Air Arabia Abu Dhabi,4698,4652,4009,643,0,0.9902085994040017
2026-01,India,Ahmedabad,Etihad Airways,12635,11708,2244,9464,0,0.9266323703996834
2026-01,India,Ahmedabad,IndiGo,5748,5618,5618,0,0,0.9773834377174669
2026-01,India,Bengaluru,Air India Express,5748,5570,5570,0,0,0.9690327070285316
2026-01,India,Bengaluru,Akasa Air,4842,4542,4542,0,0,0.9380421313506815
2026-01,India,Bengaluru,Etihad Airways,16881,16496,5709,10787,0,0.9771932942361234
2026-01,India,Bengaluru,IndiGo,7192,6851,6851,0,0,0.9525862068965517
2026-01,India,Chandigarh,IndiGo,5004,4706,4706,0,0,0.9404476418864908
2026-01,India,Chennai,Air Arabia Abu Dhabi,6960,6807,5365,1442,0,0.9780172413793103
2026-01,India,Chennai,Akasa Air,4113,3761,3761,0,0,0.9144176999756869
2026-01,India,Chennai,Etihad Airways,16198,15726,4883,10843,0,0.9708606000740833
2026-01,India,Chennai,IndiGo,7192,6938,6938,0,0,0.9646829810901001
2026-01,India,Coimbatore,IndiGo,3348,3207,3207,0,0,0.9578853046594982
2026-01,India,Delhi,Air India Express,3280,2919,2919,0,0,0.8899390243902439
2026-01,India,Delhi,Etihad Airways,31445,30336,10757,19579,0,0.9647320718715217
2026-01,India,Delhi,IndiGo,7424,7187,7187,0,0,0.9680765086206896
2026-01,India,Hyderabad,Etihad Airways,16425,15803,4162,11641,0,0.962130898021309
2026-01,India,Hyderabad,IndiGo,11508,10984,10984,0,0,0.9544664581160931
2026-01,India,Jaipur,Etihad Airways,7126,6739,3379,3360,0,0.9456918327252315
2026-01,India,Kannur,Air India Express,5781,5766,5766,0,0,0.9974052932018682
2026-01,India,Kannur,IndiGo,5742,5439,5439,0,0,0.9472309299895507
2026-01,India,Kochi,Air Arabia Abu Dhabi,14094,14223,12892,1331,0,1.0091528309919116
2026-01,India,Kochi,Air India Express,3375,3250,3250,0,0,0.9629629629629629
2026-01,India,Kochi,Akasa Air,5028,4400,4400,0,0,0.8750994431185362
2026-01,India,Kochi,Etihad Airways,17468,17284,3967,13317,0,0.9894664529425234
2026-01,India,Kochi,IndiGo,5724,5639,5639,0,0,0.9851502445842069
2026-01,India,Kolkata,Air Arabia Abu Dhabi,2262,2168,1715,453,0,0.9584438549955792
2026-01,India,Kolkata,Etihad Airways,5827,5467,2197,3270,0,0.9382186373777244
2026-01,India,Kozhikode,Air Arabia Abu Dhabi,13050,13163,10755,2408,0,1.0086590038314176
2026-01,India,Kozhikode,Air India Express,3163,3029,3029,0,0,0.9576351564969965
2026-01,India,Kozhikode,Etihad Airways,5582,5569,3835,1734,0,0.9976710856323898
2026-01,India,Kozhikode,IndiGo,5748,5510,5510,0,0,0.9585942936673626
2026-01,India,Lucknow,IndiGo,5724,5511,5511,0,0,0.9627882599580713
2026-01,India,Madurai,IndiGo,2418,2249,2249,0,0,0.9301075268817204
2026-01,India,Mangalore,Air India Express,5546,5512,5512,0,0,0.993869455463397
2026-01,India,Mangalore,IndiGo,7192,7021,7021,0,0,0.9762235817575083
2026-01,India,Mumbai,Air India Express,5280,4971,4971,0,0,0.9414772727272728
2026-01,India,Mumbai,Akasa Air,4838,4470,4470,0,0,0.9239355105415461
2026-01,India,Mumbai,Etihad Airways,31365,30459,10989,19470,0,0.9711142993782879
2026-01,India,Mumbai,IndiGo,13908,13346,13346,0,0,0.9595916019557089
2026-01,India,Poona,Air India Express,2531,2404,2404,0,0,0.9498222046621888
2026-01,India,Tiruchchirappalli,Air India Express,2430,2112,2112,0,0,0.8691358024691358
2026-01,India,Trivandrum,Air Arabia Abu Dhabi,15486,15526,13412,2114,0,1.0025829781738345
2026-01,India,Trivandrum,Air India Express,2422,2214,2214,0,0,0.9141205615194055
2026-01,India,Trivandrum,Etihad Airways,7448,7390,2979,4411,0,0.9922126745435016
2026-01,India,Vishakhapatnam,IndiGo,3144,2987,2987,0,0,0.9500636132315522
2026-01,Ireland,Dublin,Etihad Airways,15240,14299,1515,12784,0,0.938254593175853
2026-01,Israel,Tel Aviv,Etihad Airways,32774,28790,5114,23676,0,0.8784402270092146
2026-01,Italy,MIlan,Etihad Airways,21405,17954,3150,14804,0,0.8387759869189442
2026-01,Italy,Rome,Etihad Airways,18677,16902,2556,14346,0,0.9049633238742839
2026-01,Japan,Tokyo,Etihad Airways,9328,7917,1524,6393,0,0.8487349914236707
2026-01,Jordan,Amman,Air Arabia Abu Dhabi,5394,5326,5253,73,0,0.9873934000741564
2026-01,Jordan,Amman,Etihad Airways,8100,7676,5916,1760,0,0.9476543209876543
2026-01,Jordan,Amman,Royal Jordanian,5432,5229,4959,270,0,0.9626288659793815
2026-01,Kazakhstan,Almaty,Air Arabia Abu Dhabi,2262,2073,1971,102,0,0.916445623342175
2026-01,Kuwait,Kuwait,Air Arabia Abu Dhabi,10092,8696,5093,3603,0,0.8616726119698771
2026-01,Kuwait,Kuwait,Etihad Airways,17715,14512,7279,7233,0,0.8191927744848998
2026-01,Kuwait,Kuwait,Jazeera Airways,2978,2019,2019,0,0,0.677971793149765
2026-01,Lebanon,Beirut,Air Arabia Abu Dhabi,4002,2731,2659,72,0,0.6824087956021989
2026-01,Lebanon,Beirut,Etihad Airways,7208,5638,2771,2867,0,0.7821864594894562
2026-01,Lebanon,Beirut,Middle East Airlines,4998,4117,4099,18,0,0.8237294917967187
2026-01,Netherlands,Amsterdam,Etihad Airways,11501,11194,1584,9610,0,0.9733066689853056
2026-01,Oman,Muscat,Etihad Airways,20956,16937,6036,10901,0,0.80821721702615
2026-01,Oman,Salalah,Air Arabia Abu Dhabi,2958,2898,1638,1260,0,0.9797160243407708
2026-01,Philippines,Manila,Etihad Airways,19253,18572,7273,11299,0,0.964628889004311
2026-01,Poland,Katowice,Wizz Air,5966,5819,5819,0,0,0.9753603754609453
2026-01,Poland,Krakow,Wizz Air,5258,5108,5108,0,0,0.9714720426017497
2026-01,Poland,Warsaw,Etihad Airways,7843,7580,1064,6516,0,0.9664669131709805
2026-01,Qatar,Doha,Air Arabia Abu Dhabi,174,57,57,0,0,0.3275862068965517
2026-01,Qatar,Doha,Etihad Airways,21277,13691,4537,9154,0,0.6434647741692908
2026-01,Qatar,Doha,Qatar Airways,26655,20298,20028,270,0,0.7615081598199213
2026-01,Russian Federation,Kazan,Etihad Airways,2054,1821,420,1401,0,0.8865628042843233
2026-01,Russian Federation,Mineralnye Vody,AZIMUTH Airlines,100,58,58,0,0,0.58
2026-01,Russian Federation,Moscow,Aeroflot Russian Airlines,6488,5379,5379,0,0,0.8290690505548706
2026-01,Russian Federation,Moscow,Air Arabia Abu Dhabi,3132,2673,647,2026,0,0.853448275862069
2026-01,Russian Federation,Moscow,Etihad Airways,26362,21780,6894,14886,0,0.8261892117441773
2026-01,Russian Federation,Moscow,Pobeda,3780,3342,3342,0,0,0.8841269841269841
2026-01,Russian Federation,Sochi,Etihad Airways,4266,3084,719,2365,0,0.7229254571026723
2026-01,Russian Federation,St. Petersburg,Etihad Airways,3783,3462,936,2526,0,0.9151467089611419
2026-01,Saudi Arabia,Dammam,Etihad Airways,20274,14646,4072,10574,0,0.7224030778336786
2026-01,Saudi Arabia,Gassim,Etihad Airways,1894,1130,89,1041,0,0.5966209081309398
2026-01,Saudi Arabia,Jeddah,Etihad Airways,24958,22121,7313,14808,0,0.8863290327750621
2026-01,Saudi Arabia,Jeddah,FLYNAS,5332,3554,3551,3,0,0.6665416354088523
2026-01,Saudi Arabia,Jeddah,Saudi Arabian Airlines,4612,3440,3416,24,0,0.7458803122289679
2026-01,Saudi Arabia,Madinah,Etihad Airways,7314,6525,2292,4233,0,0.8921246923707957
2026-01,Saudi Arabia,Riyadh,Etihad Airways,24010,18232,5920,12312,0,0.7593502707205331
2026-01,Saudi Arabia,Riyadh,FLYNAS,5332,3058,3056,2,0,0.5735183795948987
2026-01,Saudi Arabia,Riyadh,Saudi Arabian Airlines,4767,3159,3151,8,0,0.6626809314033983
2026-01,South Korea,Seoul,Etihad Airways,13667,13520,2966,10554,0,0.9892441647764688
2026-01,Spain,Barcelona,Etihad Airways,17657,16170,1980,14190,0,0.9157841082856657
2026-01,Spain,Madrid,Etihad Airways,19610,17654,3262,14392,0,0.9002549719530851
2026-01,Switzerland,Geneva,Etihad Airways,8894,7937,1618,6319,0,0.8923993703620419
2026-01,Switzerland,Zurich,Etihad Airways,17754,15394,2139,13255,0,0.867072209079644
2026-01,Turkey,Ankara,Pegasus Airlines,744,675,675,0,0,0.907258064516129
2026-01,Turkey,Antalya,Pegasus Airlines,744,396,396,0,0,0.532258064516129
2026-01,Turkey,Antalya,SunExpress,1134,824,824,0,0,0.7266313932980599
2026-01,Turkey,Istanbul,Etihad Airways,6667,6552,2716,3836,0,0.9827508624568772
2026-01,Turkey,Istanbul,Turkish Airlines,11381,9905,9642,263,0,0.8703101660662508
2026-01,Turkey,Izmir,SunExpress,1701,1116,1116,0,0,0.656084656084656
2026-01,Turkey,Sabiha Gokcen,Air Arabia Abu Dhabi,2262,2123,2102,21,0,0.9385499557913352
2026-01,Turkey,Sabiha Gokcen,Pegasus Airlines,6586,5851,5850,1,0,0.8883996355906468
2026-01,United Kingdom,London,British Airways,6685,5388,5307,81,0,0.8059835452505609
2026-01,United Kingdom,London,Etihad Airways,51224,49285,11487,37798,0,0.9621466500078089
2026-01,United Kingdom,Manchester,Etihad Airways,22041,21462,2599,18863,0,0.9737307744657684
2026-01,United States of America,Atlanta,Etihad Airways,11501,10814,930,9884,0,0.9402660638205373
2026-01,United States of America,Boston,Etihad Airways,9393,8624,639,7985,0,0.9181305227296923
2026-01,United States of America,Chicago,Etihad Airways,11130,10657,988,9669,0,0.9575022461814915
2026-01,United States of America,New York,Etihad Airways,18012,17233,2155,15078,0,0.9567510548523207
2026-01,United States of America,Washington,Etihad Airways,9090,8833,745,8088,0,0.9717271727172717
2026-01,Uzbekistan,Tashkent,Air Arabia Abu Dhabi,2436,2353,1901,452,0,0.965927750410509
2026-01,Uzbekistan,Tashkent,Air Samarkand,582,583,583,0,0,1.0017182130584192
2026-02,Armenia,Yerevan,Air Arabia Abu Dhabi,4698,3520,3164,356,0,0.7492550021285653
2026-02,Austria,Vienna,Etihad Airways,10012,9622,1768,7854,0,0.9610467439073113
2026-02,Azerbaijan,Baku,Air Arabia Abu Dhabi,3306,2607,2465,142,0,0.7885662431941923
2026-02,Bahrain,Bahrain,Air Arabia Abu Dhabi,9048,7142,4195,2947,0,0.7893457117595049
2026-02,Bahrain,Bahrain,Etihad Airways,13597,9650,4530,5120,0,0.7097153783922924
2026-02,Bahrain,Bahrain,Gulf Air,8405,4844,4670,174,0,0.5763236168947056
2026-02,Belgium,Brussels,Etihad Airways,9589,8648,1649,6999,0,0.9018667222859527
2026-02,Canada,Toronto,Etihad Airways,13608,13557,1176,12381,0,0.9962522045855379
2026-02,China,Beijing,Air China,4395,3135,3135,0,0,0.7133105802047781
2026-02,China,Beijing,Etihad Airways,8610,7559,2553,5006,0,0.8779326364692218
2026-02,China,Haikou,Hainan Airlines,1023,602,593,9,0,0.5884652981427175
2026-02,China,Shanghai,China Eastern Airlines,7128,5865,5865,0,0,0.8228114478114478
2026-02,Egypt,Alexandria,Air Arabia Abu Dhabi,3306,3235,3140,95,0,0.9785238959467635
2026-02,Egypt,Asyut,Air Arabia Abu Dhabi,1392,1288,1286,2,0,0.9252873563218391
2026-02,Egypt,Cairo,Air Arabia Abu Dhabi,9520,8846,8586,260,0,0.9292016806722689
2026-02,Egypt,Cairo,Egyptair,7756,7243,7190,53,0,0.9338576585869005
2026-02,Egypt,Cairo,Etihad Airways,11162,10625,5677,4948,0,0.9518903422325748
2026-02,France,Paris,Etihad Airways,22010,21328,4354,16974,0,0.9690140845070423
2026-02,Germany,Berlin,Eurowings,1932,1823,1823,0,0,0.9435817805383023
2026-02,Germany,Dusseldorf,Etihad Airways,4320,4142,657,3485,0,0.9587962962962963
2026-02,Germany,Frankfurt,Etihad Airways,16435,16084,2540,13544,0,0.97864313964101
2026-02,Germany,Munich,Etihad Airways,16296,15877,2403,13474,0,0.9742881688757977
2026-02,India,Ahmedabad,Air Arabia Abu Dhabi,4176,4132,3640,492,0,0.9894636015325671
2026-02,India,Ahmedabad,Etihad Airways,10600,10347,675,9672,0,0.9761320754716981
2026-02,India,Ahmedabad,IndiGo,5184,4723,4723,0,0,0.9110725308641975
2026-02,India,Bengaluru,Air India Express,5022,4622,4622,0,0,0.9203504579848666
2026-02,India,Bengaluru,Akasa Air,4431,3928,3928,0,0,0.8864816068607538
2026-02,India,Bengaluru,Etihad Airways,14864,14359,5614,8745,0,0.9660252960172229
2026-02,India,Bengaluru,IndiGo,6496,6203,6203,0,0,0.9548953201970444
2026-02,India,Chandigarh,IndiGo,4440,4127,4127,0,0,0.9295045045045045
2026-02,India,Chennai,Air Arabia Abu Dhabi,5568,5273,4031,1242,0,0.9470186781609196
2026-02,India,Chennai,Akasa Air,4306,3768,3768,0,0,0.8750580585229911
2026-02,India,Chennai,Etihad Airways,14554,14039,4192,9847,0,0.9646145389583619
2026-02,India,Chennai,IndiGo,4640,4414,4414,0,0,0.9512931034482759
2026-02,India,Coimbatore,IndiGo,2790,2525,2525,0,0,0.9050179211469535
2026-02,India,Delhi,Air India Express,2892,2681,2681,0,0,0.9270401106500692
2026-02,India,Delhi,Etihad Airways,28321,27295,6473,20822,0,0.9637724656615233
2026-02,India,Delhi,IndiGo,6264,5952,5952,0,0,0.9501915708812261
2026-02,India,Hyderabad,Etihad Airways,14367,13245,3152,10093,0,0.9219043641678847
2026-02,India,Hyderabad,IndiGo,9376,8455,8455,0,0,0.9017704778156996
2026-02,India,Jaipur,Etihad Airways,6200,5862,2511,3351,0,0.9454838709677419
2026-02,India,Kannur,Air India Express,5204,5003,5003,0,0,0.9613758647194466
2026-02,India,Kannur,IndiGo,3882,3629,3629,0,0,0.9348274085522926
2026-02,India,Kochi,Air Arabia Abu Dhabi,12180,11991,10733,1258,0,0.9844827586206897
2026-02,India,Kochi,Air India Express,2804,2630,2630,0,0,0.9379457917261056
2026-02,India,Kochi,Akasa Air,4329,3763,3763,0,0,0.8692538692538693
2026-02,India,Kochi,Etihad Airways,15614,15518,2783,12735,0,0.9938516715767901
2026-02,India,Kochi,IndiGo,5190,4891,4891,0,0,0.9423892100192678
2026-02,India,Kolkata,Air Arabia Abu Dhabi,2088,1987,1659,328,0,0.9516283524904214
2026-02,India,Kolkata,Etihad Airways,5156,4988,2105,2883,0,0.9674166020170675
2026-02,India,Kozhikode,Air Arabia Abu Dhabi,11658,11455,9779,1676,0,0.9825870646766169
2026-02,India,Kozhikode,Air India Express,3003,2723,2723,0,0,0.9067599067599068
2026-02,India,Kozhikode,Etihad Airways,5012,5029,2921,2108,0,1.003391859537111
2026-02,India,Kozhikode,IndiGo,4080,3831,3831,0,0,0.9389705882352941
2026-02,India,Lucknow,IndiGo,5746,5235,5235,0,0,0.9110685694396101
2026-02,India,Madurai,IndiGo,2232,1982,1982,0,0,0.8879928315412187
2026-02,India,Mangalore,Air India Express,5068,4955,4955,0,0,0.9777032359905288
2026-02,India,Mangalore,IndiGo,3712,3599,3599,0,0,0.9695581896551724
2026-02,India,Mumbai,Air India Express,4952,4618,4618,0,0,0.9325525040387722
2026-02,India,Mumbai,Akasa Air,4476,4007,4007,0,0,0.895218945487042
2026-02,India,Mumbai,Etihad Airways,28214,27394,9787,17607,0,0.9709364145459701
2026-02,India,Mumbai,IndiGo,13208,12306,12306,0,0,0.9317080557238038
2026-02,India,Poona,Air India Express,1979,1823,1823,0,0,0.9211723092470945
2026-02,India,Poona,Akasa Air,186,183,183,0,0,0.9838709677419355
2026-02,India,Poona,SpiceJet,497,497,497,0,0,1.0
2026-02,India,Tiruchchirappalli,Air India Express,2041,1852,1852,0,0,0.9073983341499265
2026-02,India,Trivandrum,Air Arabia Abu Dhabi,12528,12451,10785,1666,0,0.9938537675606641
2026-02,India,Trivandrum,Air India Express,2212,1976,1976,0,0,0.8933092224231465
2026-02,India,Trivandrum,Etihad Airways,6776,6701,2067,4634,0,0.9889315230224321
2026-02,India,Vishakhapatnam,IndiGo,2970,2517,2517,0,0,0.8474747474747475
2026-02,Ireland,Dublin,Etihad Airways,13554,11928,1727,10201,0,0.8800354138999558
2026-02,Israel,Tel Aviv,Etihad Airways,28276,22811,2575,20236,0,0.8067265525534022
2026-02,Italy,MIlan,Etihad Airways,19781,16693,2979,13714,0,0.8438906020929174
2026-02,Italy,Rome,Etihad Airways,15809,14568,1936,12632,0,0.921500411158201
2026-02,Japan,Tokyo,Etihad Airways,8432,8263,1216,7047,0,0.9799573055028463
2026-02,Jordan,Amman,Air Arabia Abu Dhabi,4524,3405,3321,84,0,0.7526525198938993
2026-02,Jordan,Amman,Etihad Airways,7020,5121,3327,1794,0,0.7294871794871794
2026-02,Jordan,Amman,Royal Jordanian,4439,3572,3450,122,0,0.8046857400315386
2026-02,Kazakhstan,Almaty,Air Arabia Abu Dhabi,2088,1869,1696,173,0,0.8951149425287356
2026-02,Kuwait,Kuwait,Air Arabia Abu Dhabi,8874,6976,3252,3724,0,0.7861167455487942
2026-02,Kuwait,Kuwait,Etihad Airways,14756,10244,6388,3856,0,0.6942260775277853
2026-02,Kuwait,Kuwait,Jazeera Airways,1580,1216,1216,0,0,0.769620253164557
2026-02,Lebanon,Beirut,Air Arabia Abu Dhabi,3132,2020,1983,37,0,0.644955300127714
2026-02,Lebanon,Beirut,Etihad Airways,4434,2960,1829,1131,0,0.6675687866486243
2026-02,Lebanon,Beirut,Middle East Airlines,4048,2969,2952,17,0,0.7334486166007905
2026-02,Netherlands,Amsterdam,Etihad Airways,13538,13128,2043,11085,0,0.969714876643522
2026-02,Oman,Muscat,Etihad Airways,16829,13154,5337,7817,0,0.7816269534731713
2026-02,Oman,Salalah,Air Arabia Abu Dhabi,2784,2042,1021,1021,0,0.7334770114942529
2026-02,Philippines,Manila,Etihad Airways,18327,17786,4023,13763,0,0.9704807115185246
2026-02,Poland,Katowice,Wizz Air,4780,4711,4711,0,0,0.9855648535564854
2026-02,Poland,Krakow,Wizz Air,4541,4493,4493,0,0,0.9894296410482273
2026-02,Poland,Warsaw,Etihad Airways,6757,6385,948,5437,0,0.94494598194465
2026-02,Qatar,Doha,Etihad Airways,16457,11170,4162,7008,0,0.6787385307164124
2026-02,Qatar,Doha,Qatar Airways,19584,15673,15481,192,0,0.8002961601307189
2026-02,Russian Federation,Kazan,Etihad Airways,1896,1638,362,1276,0,0.8639240506329114
2026-02,Russian Federation,Moscow,Aeroflot Russian Airlines,4249,4081,4081,0,0,0.9604612850082372
2026-02,Russian Federation,Moscow,Air Arabia Abu Dhabi,1914,1867,279,1588,0,0.9754440961337513
2026-02,Russian Federation,Moscow,Etihad Airways,21685,20368,5492,14876,0,0.9392667742679272
2026-02,Russian Federation,Moscow,Pobeda,3024,2985,2985,0,0,0.9871031746031746
2026-02,Russian Federation,Sochi,Etihad Airways,3160,2801,634,2167,0,0.8863924050632911
2026-02,Russian Federation,St. Petersburg,Etihad Airways,3493,3235,607,2628,0,0.9261379902662468
2026-02,Saudi Arabia,Dammam,Etihad Airways,18112,11842,3209,8633,0,0.6538206713780919
2026-02,Saudi Arabia,Gassim,Etihad Airways,1698,1084,79,1005,0,0.6383981154299175
2026-02,Saudi Arabia,Jeddah,Etihad Airways,21714,18697,7614,11083,0,0.8610573823339781
2026-02,Saudi Arabia,Jeddah,FLYNAS,4644,2767,2758,9,0,0.5958225667527993
2026-02,Saudi Arabia,Jeddah,Saudi Arabian Airlines,4634,2930,2900,30,0,0.6322831247302546
2026-02,Saudi Arabia,Madinah,Etihad Airways,6827,5615,1659,3956,0,0.8224696059762707
2026-02,Saudi Arabia,Riyadh,Etihad Airways,20562,14460,5173,9287,0,0.7032389845345783
2026-02,Saudi Arabia,Riyadh,FLYNAS,4031,1673,1669,4,0,0.4150334904490201
2026-02,Saudi Arabia,Riyadh,Saudi Arabian Airlines,3068,1582,1576,6,0,0.515645371577575
2026-02,South Korea,Seoul,Etihad Airways,12402,10970,2395,8575,0,0.8845347524592808
2026-02,Spain,Barcelona,Etihad Airways,16111,15476,1644,13832,0,0.9605859350754143
2026-02,Spain,Madrid,Etihad Airways,17080,15446,2276,13170,0,0.9043325526932084
2026-02,Switzerland,Geneva,Etihad Airways,8022,7202,1475,5727,0,0.8977811019695836
2026-02,Switzerland,Zurich,Etihad Airways,17481,15822,2136,13686,0,0.9050969624163377
2026-02,Turkey,Ankara,Pegasus Airlines,372,251,251,0,0,0.6747311827956989
2026-02,Turkey,Istanbul,Etihad Airways,5642,5187,1950,3237,0,0.9193548387096774
2026-02,Turkey,Istanbul,Turkish Airlines,9838,7922,7776,146,0,0.8052449684895304
2026-02,Turkey,Izmir,SunExpress,756,387,387,0,0,0.5119047619047619
2026-02,Turkey,Sabiha Gokcen,Air Arabia Abu Dhabi,174,167,164,3,0,0.9597701149425287
2026-02,Turkey,Sabiha Gokcen,Pegasus Airlines,5922,5129,5129,0,0,0.8660925363053023
2026-02,United Kingdom,London,British Airways,6160,5488,5448,40,0,0.8909090909090909
2026-02,United Kingdom,London,Etihad Airways,43700,41444,12610,28834,0,0.9483752860411899
2026-02,United Kingdom,Manchester,Etihad Airways,20890,19681,3519,16162,0,0.9421254188606989
2026-02,United States of America,Atlanta,Etihad Airways,10017,7794,738,7056,0,0.7780772686433064
2026-02,United States of America,Boston,Etihad Airways,8168,7040,538,6502,0,0.861900097943193
2026-02,United States of America,Chicago,Etihad Airways,10388,9777,767,9010,0,0.9411821332306507
2026-02,United States of America,New York,Etihad Airways,15253,13959,1673,12286,0,0.9151642299875434
2026-02,United States of America,Washington,Etihad Airways,8471,7692,566,7126,0,0.9080391925392516
2026-02,Uzbekistan,Tashkent,Air Arabia Abu Dhabi,1914,1709,1424,285,0,0.8928944618599791
