ds,y,yhat,base,series,kind
2025-01-01,52646.0,49062.209943913615,45650.0,Total,daily
2025-01-02,53917.0,48833.673303988,44795.0,Total,daily
2025-01-03,52746.0,50754.86128734141,44574.0,Total,daily
2025-01-04,49227.0,51532.40089134307,44704.0,Total,daily
2025-01-05,41856.0,44986.52292727717,38497.0,Total,daily
2025-01-06,42133.0,45799.027164594,38988.0,Total,daily
2025-01-07,42597.0,46070.28047506503,39002.0,Total,daily
2025-01-08,44266.0,45847.045308568675,39363.0,Total,daily
2025-01-09,46266.0,45185.215029588915,38350.0,Total,daily
2025-01-10,43704.0,46740.68033070679,38445.0,Total,daily
2025-01-11,47997.0,47225.21643265168,38781.0,Total,daily
2025-01-12,41654.0,40460.25599033621,33486.0,Total,daily
2025-01-13,41577.0,41144.748507438955,35533.0,Total,daily
2025-01-14,43780.0,41375.3472867864,36651.0,Total,daily
2025-01-15,41536.0,41199.941956999784,37314.0,Total,daily
2025-01-16,40741.0,40673.65509907689,37907.0,Total,daily
2025-01-17,41539.0,42451.906066259806,40047.0,Total,daily
2025-01-18,42227.0,43239.14265116817,41736.0,Total,daily
2025-01-19,38538.0,36845.29415618489,37499.0,Total,daily
2025-01-20,39826.0,37973.82733018383,39936.0,Total,daily
2025-01-21,40703.0,38705.42392860635,41146.0,Total,daily
2025-01-22,41693.0,39077.51086597554,41512.0,Total,daily
2025-01-23,40116.0,39133.79588684311,41005.0,Total,daily
2025-01-24,41664.0,41519.78352941497,43555.0,Total,daily
2025-01-25,42468.0,42924.57637447584,45396.0,Total,daily
2025-01-26,38061.0,37140.19793797875,38159.0,Total,daily
2025-01-27,41845.0,38869.99442527583,38902.0,Total,daily
2025-01-28,43281.0,40175.907994001485,39681.0,Total,daily
2025-01-29,43764.0,41084.06275009729,38757.0,Total,daily
2025-01-30,44507.0,41627.84937513827,39671.0,Total,daily
2025-01-31,44258.0,44445.85468954563,42357.0,Total,daily
2025-02-01,45021.0,46216.64661651082,44198.0,Total,daily
2025-02-02,38772.0,40720.83609350932,38612.0,Total,daily
2025-02-03,40415.0,42669.6524761728,39468.0,Total,daily
2025-02-04,41640.0,44115.60363198565,41698.0,Total,daily
2025-02-05,42440.0,45083.87782236731,43567.0,Total,daily
2025-02-06,42994.0,45608.71266788985,45199.0,Total,daily
2025-02-07,45141.0,48333.45608326147,47703.0,Total,daily
2025-02-08,45903.0,49938.04260589088,50232.0,Total,daily
2025-02-09,40040.0,44203.49956952563,46576.0,Total,daily
2025-02-10,42211.0,45860.4067300558,46186.0,Total,daily
2025-02-11,42797.0,46962.66663396223,47576.0,Total,daily
2025-02-12,42614.0,47544.4658494248,47822.0,Total,daily
2025-02-13,42445.0,47649.69830774251,47367.0,Total,daily
2025-02-14,46422.0,49933.960015321885,48441.0,Total,daily
2025-02-15,47058.0,51084.55639056012,48816.0,Total,daily
2025-02-16,37989.0,44887.333405698206,42540.0,Total,daily
2025-02-17,38778.0,46094.94588090871,43478.0,Total,daily
2025-02-18,39136.0,46763.707780621175,43870.0,Total,daily
2025-02-19,38928.0,46936.12787587404,44788.0,Total,daily
2025-02-20,38720.0,46663.446955187916,45507.0,Total,daily
2025-02-21,42402.0,48609.667996338,46979.0,Total,daily
2025-02-22,45301.0,49464.23503020999,45791.0,Total,daily
2025-02-23,40063.0,43011.364220893876,40718.0,Total,daily
2025-02-24,42875.0,44018.32496611346,41151.0,Total,daily
2025-02-25,44250.0,44535.5973977741,42033.0,Total,daily
2025-02-26,42370.0,44605.22629054181,41609.0,Total,daily
2025-02-27,39929.0,44276.72551507701,41001.0,Total,daily
2025-02-28,34814.0,46213.39943705531,43915.0,Total,daily
2025-03-01,34271.0,47097.94432715953,44850.0,Total,daily
2025-03-02,30032.0,40704.518728992465,37958.0,Total,daily
2025-03-03,29895.0,41807.25853755419,40200.0,Total,daily
2025-03-04,30668.0,42443.93878350643,40526.0,Total,daily
2025-03-05,31561.0,42650.31361645609,41797.0,Total,daily
2025-03-06,31764.0,42469.52231201807,40974.0,Total,daily
2025-03-07,33123.0,44560.79943369739,40283.0,Total,daily
2025-03-08,34303.0,45598.05737840167,37455.0,Total,daily
2025-03-09,29933.0,39344.71464456785,30231.0,Total,daily
2025-03-10,31243.0,40582.42365148216,29380.0,Total,daily
2025-03-11,32299.0,41338.17699054332,29409.0,Total,daily
2025-03-12,31417.0,41644.53745090084,29197.0,Total,daily
2025-03-13,31458.0,41542.416712560254,29339.0,Total,daily
2025-03-14,33474.0,43692.01685541057,31565.0,Total,daily
2025-03-15,35585.0,44764.21313928175,33897.0,Total,daily
2025-03-16,31695.0,38517.941469724574,30941.0,Total,daily
2025-03-17,33243.0,39748.92858703695,32244.0,Total,daily
2025-03-18,34352.0,40480.02714601942,33262.0,Total,daily
2025-03-19,35450.0,40747.12135700086,34160.0,Total,daily
2025-03-20,35264.0,40595.07151842714,35286.0,Total,daily
2025-03-21,38029.0,42690.693679185184,37480.0,Total,daily
2025-03-22,40067.0,43706.76871445142,40224.0,Total,daily
2025-03-23,36412.0,37401.83927749679,38035.0,Total,daily
2025-03-24,36966.0,38588.821075923646,40074.0,Total,daily
2025-03-25,37592.0,39288.47724211491,40202.0,Total,daily
2025-03-26,36230.0,39540.944136013415,40574.0,Total,daily
2025-03-27,35357.0,39394.82165090433,40852.0,Total,daily
2025-03-28,38539.0,41522.20658789739,41572.0,Total,daily
2025-03-29,46075.0,42595.378385278615,42468.0,Total,daily
2025-03-30,54114.0,36369.08885640112,36695.0,Total,daily
2025-03-31,58534.0,37669.167972858595,37174.0,Total,daily
2025-04-01,53068.0,38509.2773655652,37198.0,Total,daily
2025-04-02,52153.0,38928.218092615425,35697.0,Total,daily
2025-04-03,52450.0,38972.34540614727,35474.0,Total,daily
2025-04-04,49892.0,41312.84586803773,36275.0,Total,daily
2025-04-05,47448.0,42615.29526260259,39307.0,Total,daily
2025-04-06,41383.0,36624.63618952341,38590.0,Total,daily
2025-04-07,44192.0,38173.967057220456,42545.0,Total,daily
2025-04-08,45519.0,39264.75138061704,45229.0,Total,daily
2025-04-09,45701.0,39930.06687060166,52730.0,Total,daily
2025-04-10,46098.0,40210.481991502784,58897.0,Total,daily
2025-04-11,47532.0,42773.68809451158,55274.0,Total,daily
2025-04-12,48453.0,44277.01151796525,45984.0,Total,daily
2025-04-13,42772.0,38455.12944671511,35405.0,Total,daily
2025-04-14,46035.0,40149.05957468094,38609.0,Total,daily
2025-04-15,46894.0,41349.80934366461,40720.0,Total,daily
2025-04-16,47549.0,42087.51782221594,41491.0,Total,daily
2025-04-17,48150.0,42400.71446042291,41230.0,Total,daily
2025-04-18,51723.0,44958.19812338469,42426.0,Total,daily
2025-04-19,51161.0,46414.3701155537,42343.0,Total,daily
2025-04-20,42925.0,40499.53401018625,37937.0,Total,daily
2025-04-21,43056.0,42068.915373947566,41094.0,Total,daily
2025-04-22,44155.0,43109.569212359,41907.0,Total,daily
2025-04-23,44487.0,43655.22726748197,42331.0,Total,daily
2025-04-24,44895.0,43748.75159134622,42305.0,Total,daily
2025-04-25,48630.0,46066.078692218296,44085.0,Total,daily
2025-04-26,50669.0,47264.202687558776,46833.0,Total,daily
2025-04-27,41542.0,41073.904342069305,40047.0,Total,daily
2025-04-28,42728.0,42368.66665958539,42355.0,Total,daily
2025-04-29,44054.0,43134.730799027566,44320.0,Total,daily
2025-04-30,45236.0,43411.56664836162,44067.0,Total,daily
2025-05-01,46291.0,43247.46895770959,44201.0,Total,daily
2025-05-02,50931.0,45325.54560124643,45182.0,Total,daily
2025-05-03,50321.0,46304.36155465876,45409.0,Total,daily
2025-05-04,42235.0,39913.139005020515,37984.0,Total,daily
2025-05-05,42303.0,41040.64037951101,39036.0,Total,daily
2025-05-06,41545.0,41668.47165917887,39984.0,Total,daily
2025-05-07,42002.0,41837.29935301525,40687.0,Total,daily
2025-05-08,41321.0,41595.73263701783,40407.0,Total,daily
2025-05-09,42007.0,43628.51503279064,41021.0,Total,daily
2025-05-10,41550.0,44589.999442144,40702.0,Total,daily
2025-05-11,33785.0,38201.99526549663,32594.0,Total,daily
2025-05-12,35523.0,39362.79513521107,34125.0,Total,daily
2025-05-13,36532.0,40043.896870526994,34969.0,Total,daily
2025-05-14,37422.0,40282.12789663736,35199.0,Total,daily
2025-05-15,37294.0,40121.9593970117,35142.0,Total,daily
2025-05-16,39528.0,42246.02802229447,39008.0,Total,daily
2025-05-17,40757.0,43301.54545785194,40099.0,Total,daily
2025-05-18,35187.0,37000.86986801517,33044.0,Total,daily
2025-05-19,36538.0,38250.72528632223,34816.0,Total,daily
2025-05-20,37427.0,39012.36146945465,36424.0,Total,daily
2025-05-21,37096.0,39319.57491054865,37205.0,Total,daily
2025-05-22,35468.0,39214.414556795295,37296.0,Total,daily
2025-05-23,37420.0,41379.96492143303,40220.0,Total,daily
2025-05-24,39511.0,42459.59565703505,41353.0,Total,daily
2025-05-25,34735.0,36160.13996726337,34080.0,Total,daily
2025-05-26,37910.0,37401.17022647798,36744.0,Total,daily
2025-05-27,40811.0,38138.44457605396,37506.0,Total,daily
2025-05-28,40197.0,38407.66342871787,37101.0,Total,daily
2025-05-29,39304.0,38253.40078100712,36246.0,Total,daily
2025-05-30,42004.0,40363.98310983812,38226.0,Total,daily
2025-05-31,42655.0,41383.418884279905,39726.0,Total,daily
2025-06-01,34321.0,35017.03444911408,31550.0,Total,daily
2025-06-02,34230.0,36200.671636536536,33912.0,Total,daily
2025-06-03,34386.0,36887.30633697567,34687.0,Total,daily
2025-06-04,33805.0,37116.44880075701,34195.0,Total,daily
2025-06-05,48824.0,36936.23481528468,33668.0,Total,daily
2025-06-06,61233.0,39040.36270407443,35069.0,Total,daily
2025-06-07,58973.0,40072.69435829599,36570.0,Total,daily
2025-06-08,38960.0,33735.36974530437,29500.0,Total,daily
2025-06-09,37244.0,34977.97662973771,30084.0,Total,daily
2025-06-10,38409.0,35747.41869175599,30863.0,Total,daily
2025-06-11,37246.0,36083.06229322587,29704.0,Total,daily
2025-06-12,36581.0,36032.11213521202,29450.0,Total,daily
2025-06-13,39217.0,38288.749089752404,32396.0,Total,daily
2025-06-14,41618.0,39491.559189998385,43482.0,Total,daily
2025-06-15,35779.0,33334.2920663452,54631.0,Total,daily
2025-06-16,37629.0,34775.17180606541,52890.0,Total,daily
2025-06-17,38568.0,35750.182103221865,37584.0,Total,daily
2025-06-18,37571.0,36294.120181221166,35522.0,Total,daily
2025-06-19,35937.0,36449.40576923035,34359.0,Total,daily
2025-06-20,38055.0,38907.55203095728,34510.0,Total,daily
2025-06-21,40569.0,40299.533968429794,34824.0,Total,daily
2025-06-22,35008.0,34309.27781276004,30598.0,Total,daily
2025-06-23,36583.0,35903.17273196063,33213.0,Total,daily
2025-06-24,37324.0,37006.80333488892,34722.0,Total,daily
2025-06-25,36640.0,37651.91050201326,35337.0,Total,daily
2025-06-26,37265.0,37878.60260433082,35194.0,Total,daily
2025-06-27,47482.0,40379.0983055062,38179.0,Total,daily
2025-06-28,44562.0,41780.94461075654,39409.0,Total,daily
2025-06-29,33202.0,35763.12137977608,33566.0,Total,daily
2025-06-30,34921.0,37305.61527468599,36967.0,Total,daily
2025-07-01,36722.0,38329.44223469979,37115.0,Total,daily
2025-07-02,37042.0,38869.3436538674,37445.0,Total,daily
2025-07-03,36288.0,38969.219160289766,36708.0,Total,daily
2025-07-04,38487.0,41327.95685773104,38540.0,Total,daily
2025-07-05,40827.0,42575.31835539362,39744.0,Total,daily
2025-07-06,35640.0,36390.48301747497,33458.0,Total,daily
2025-07-07,37925.0,37771.52137684951,36145.0,Total,daily
2025-07-08,39824.0,38638.5624131359,37227.0,Total,daily
2025-07-09,40322.0,39032.10202471682,37043.0,Total,daily
2025-07-10,38940.0,39001.5603144395,35859.0,Total,daily
2025-07-11,40503.0,41253.13135620375,36379.0,Total,daily
2025-07-12,42361.0,42418.298730947405,37922.0,Total,daily
2025-07-13,36891.0,36174.81586560277,34165.0,Total,daily
2025-07-14,40808.0,37536.10852090896,37808.0,Total,daily
2025-07-15,42645.0,38417.64918945545,39024.0,Total,daily
2025-07-16,42540.0,38860.971372050524,38930.0,Total,daily
2025-07-17,40485.0,38915.473634537986,37274.0,Total,daily
2025-07-18,42333.0,41288.43661880875,37199.0,Total,daily
2025-07-19,43998.0,42606.338194045515,38966.0,Total,daily
2025-07-20,38963.0,36538.45566671048,34922.0,Total,daily
2025-07-21,42490.0,38106.39456389183,37520.0,Total,daily
2025-07-22,45030.0,39213.87321311683,39247.0,Total,daily
2025-07-23,44504.0,39896.64592342914,39896.0,Total,daily
2025-07-24,43646.0,40197.75111270632,38775.0,Total,daily
2025-07-25,46353.0,42819.88135808666,42326.0,Total,daily
2025-07-26,48292.0,44379.667048698844,45368.0,Total,daily
2025-07-27,43242.0,38534.04749889546,39685.0,Total,daily
2025-07-28,46256.0,40310.04686420581,42486.0,Total,daily
2025-07-29,48166.0,41598.05993451561,42468.0,Total,daily
2025-07-30,46961.0,42427.742674884255,41222.0,Total,daily
2025-07-31,44547.0,42836.72845175025,40873.0,Total,daily
2025-01-06,44088.142857142855,43345.17065296193,38059.28571428572,Total,weekly
2025-01-13,41419.71428571428,43082.46617920208,38098.142857142855,Total,weekly
2025-01-20,40647.28571428572,43200.99207498256,41529.857142857145,Total,weekly
2025-01-27,43064.0,43768.44141214954,40311.142857142855,Total,weekly
2025-02-03,42653.28571428572,44627.114811320025,44920.42857142857,Total,weekly
2025-02-10,43076.57142857143,45477.97002349124,46964.0,Total,weekly
2025-02-17,40475.42857142857,46033.9025028798,44447.28571428572,Total,weekly
2025-02-24,38363.0,43763.602593899224,41788.142857142855,Total,weekly
2025-03-03,31606.714285714286,37536.801776583685,38780.857142857145,Total,weekly
2025-03-10,32453.0,37194.24714642733,30532.571428571428,Total,weekly
2025-03-17,36116.71428571428,37002.955495421396,35813.0,Total,weekly
2025-03-24,40696.142857142855,41421.393926355195,40348.142857142855,Total,weekly
2025-03-31,50704.0,48992.750716923765,37102.142857142855,Total,weekly
2025-04-07,45752.42857142857,46195.94942684677,48009.142857142855,Total,weekly
2025-04-14,47776.71428571428,46185.59116207751,40679.42857142857,Total,weekly
2025-04-21,45347.71428571428,45613.777414002165,42657.42857142857,Total,weekly
2025-04-28,45970.857142857145,44439.683579872006,43359.71428571428,Total,weekly
2025-05-05,40644.71428571428,42829.86553232402,39204.42857142857,Total,weekly
2025-05-12,37463.28571428572,41081.343428361724,35940.857142857145,Total,weekly
2025-05-19,36885.0,39495.03201666331,37342.0,Total,weekly
2025-05-26,39600.28571428572,38266.71467706112,36728.42857142857,Total,weekly
2025-06-02,44344.42857142857,43093.15192773312,33943.0,Total,weekly
2025-06-09,38013.42857142857,36995.907835435704,35801.42857142857,Total,weekly
2025-06-16,37619.57142857143,36853.60820053538,37183.857142857145,Total,weekly
2025-06-23,39008.28571428572,37036.08594131742,35660.0,Total,weekly
2025-06-30,37132.42857142857,37631.58417980818,37139.57142857143,Total,weekly
2025-07-07,39538.0,38728.25484796055,36391.42857142857,Total,weekly
2025-07-14,41681.71428571428,40297.33798268389,37731.857142857145,Total,weekly
2025-07-21,44793.857142857145,42105.096517847494,40402.42857142857,Total,weekly
2025-01-01,43584.93548387097,45926.94621281823,40326.096774193546,Total,monthly
2025-02-01,41838.142857142855,46300.10322710238,44308.75862068965,Total,monthly
2025-03-01,35772.41935483871,43087.1234623285,36936.93548387097,Total,monthly
2025-04-01,46685.0,43431.87572401122,42193.73333333333,Total,monthly
2025-05-01,39922.903225806454,43765.50694499451,38389.58064516129,Total,monthly
2025-06-01,39404.73333333333,41980.29982961,35646.46666666667,Total,monthly
2025-07-01,41710.67741935484,42297.820944681494,38317.1935483871,Total,monthly
2025-01-01,37526.0,34855.878171372584,28786.0,International,daily
2025-01-02,38506.0,35184.754562465074,28275.0,International,daily
2025-01-03,36930.0,35161.76395940727,26940.0,International,daily
2025-01-04,33364.0,34319.10482322886,25534.0,International,daily
2025-01-05,29762.0,33021.26896181052,23526.0,International,daily
2025-01-06,28831.0,32907.76979925772,22907.0,International,daily
2025-01-07,28843.0,32820.49669723876,22640.0,International,daily
2025-01-08,30666.0,32573.628659444264,22719.0,International,daily
2025-01-09,32080.0,32335.56997062987,22195.0,International,daily
2025-01-10,30348.0,31799.94568089885,21469.0,International,daily
2025-01-11,30818.0,30508.215887351027,20807.0,International,daily
2025-01-12,29246.0,28835.64882881164,19819.0,International,daily
2025-01-13,28860.0,28435.31169350754,20719.0,International,daily
2025-01-14,29854.0,28151.402592123326,21234.0,International,daily
2025-01-15,28157.0,27801.80973081981,21607.0,International,daily
2025-01-16,27543.0,27557.83089542666,22247.0,International,daily
2025-01-17,27114.0,27112.291987397573,22110.0,International,daily
2025-01-18,26505.0,26003.24054550108,22205.0,International,daily
2025-01-19,26784.0,24603.289684085652,22403.0,International,daily
2025-01-20,26886.0,24565.186756323626,23157.0,International,daily
2025-01-21,27498.0,24721.451463718156,23740.0,International,daily
2025-01-22,27748.0,24879.91378403397,23824.0,International,daily
2025-01-23,27391.0,25201.546850584607,23868.0,International,daily
2025-01-24,27309.0,25366.025873074665,23540.0,International,daily
2025-01-25,26470.0,24896.797821405464,22959.0,International,daily
2025-01-26,26164.0,24154.065031665225,22200.0,International,daily
2025-01-27,27647.0,24782.165480455125,22412.0,International,daily
2025-01-28,28760.0,25595.70965269206,22355.0,International,daily
2025-01-29,29150.0,26388.243718017402,21850.0,International,daily
2025-01-30,30150.0,27308.292383132666,22979.0,International,daily
2025-01-31,28737.0,28022.402383036544,22889.0,International,daily
2025-02-01,27692.0,28041.579021613456,22932.0,International,daily
2025-02-02,26013.0,27717.8469596403,22765.0,International,daily
2025-02-03,25978.0,28693.32814515675,22767.0,International,daily
2025-02-04,26794.0,29772.71508055227,24037.0,International,daily
2025-02-05,27267.0,30744.852820454227,25738.0,International,daily
2025-02-06,28334.0,31756.746790962778,27140.0,International,daily
2025-02-07,28451.0,32473.813757787524,27865.0,International,daily
2025-02-08,27622.0,32407.38336086279,28546.0,International,daily
2025-02-09,26199.0,31914.517397549822,29169.0,International,daily
2025-02-10,26929.0,32648.45825443366,29021.0,International,daily
2025-02-11,27492.0,33417.11149163681,29989.0,International,daily
2025-02-12,27373.0,34017.22814620453,29842.0,International,daily
2025-02-13,27732.0,34606.075785103116,29688.0,International,daily
2025-02-14,28904.0,34858.61971924573,29307.0,International,daily
2025-02-15,28607.0,34295.843818175745,27927.0,International,daily
2025-02-16,26882.0,33287.620215527255,26408.0,International,daily
2025-02-17,27197.0,33504.36288196298,26340.0,International,daily
2025-02-18,27419.0,33761.40076678655,26420.0,International,daily
2025-02-19,27028.0,33865.69085236947,27782.0,International,daily
2025-02-20,26659.0,33985.13335202316,28654.0,International,daily
2025-02-21,27753.0,33802.71443636456,28337.0,International,daily
2025-02-22,27626.0,32845.72648222706,26499.0,International,daily
2025-02-23,27549.0,31491.81446754006,25336.0,International,daily
2025-02-24,29094.0,31422.0030700631,24674.0,International,daily
2025-02-25,29611.0,31451.165771825057,24652.0,International,daily
2025-02-26,27469.0,31387.505042515644,24284.0,International,daily
2025-02-27,25608.0,31399.772207461505,24071.0,International,daily
2025-02-28,22853.0,31168.648952172935,24185.0,International,daily
2025-03-01,22271.0,30217.153234202833,23683.0,International,daily
2025-03-02,21205.0,28920.149629099025,22857.0,International,daily
2025-03-03,20218.0,28959.03038933944,23731.0,International,daily
2025-03-04,20446.0,29138.546545886093,24056.0,International,daily
2025-03-05,20939.0,29259.299778267137,24666.0,International,daily
2025-03-06,21579.0,29483.083645545226,24657.0,International,daily
2025-03-07,21743.0,29481.687169565037,23677.0,International,daily
2025-03-08,21666.0,28768.631796656195,20839.0,International,daily
2025-03-09,20641.0,27712.249769595604,18720.0,International,daily
2025-03-10,20847.0,27992.079717877332,18450.0,International,daily
2025-03-11,21157.0,28402.075887317027,17928.0,International,daily
2025-03-12,20616.0,28736.083718870712,17790.0,International,daily
2025-03-13,21314.0,29151.23193187531,18258.0,International,daily
2025-03-14,21952.0,29314.047904204854,18789.0,International,daily
2025-03-15,22210.0,28733.379486704333,19695.0,International,daily
2025-03-16,22000.0,27776.864115750093,19946.0,International,daily
2025-03-17,22407.0,28128.83621057568,20131.0,International,daily
2025-03-18,22847.0,28579.69266833952,20620.0,International,daily
2025-03-19,23867.0,28924.117913818325,21346.0,International,daily
2025-03-20,24291.0,29322.287247717286,22697.0,International,daily
2025-03-21,25794.0,29443.05617003907,23792.0,International,daily
2025-03-22,26011.0,28797.83786145481,24785.0,International,daily
2025-03-23,25137.0,27760.249105631014,25159.0,International,daily
2025-03-24,24589.0,28025.33686970881,25813.0,International,daily
2025-03-25,24866.0,28384.934095106717,25612.0,International,daily
2025-03-26,23525.0,28638.499396957,25668.0,International,daily
2025-03-27,23443.0,28952.031524687845,26420.0,International,daily
2025-03-28,25368.0,28998.26959710217,26185.0,International,daily
2025-03-29,27122.0,28291.501666280597,25766.0,International,daily
2025-03-30,28081.0,27210.401484194215,23648.0,International,daily
2025-03-31,29666.0,27458.62594500318,23342.0,International,daily
2025-04-01,31314.0,27826.248413676785,23137.0,International,daily
2025-04-02,32501.0,28113.332766983694,22085.0,International,daily
2025-04-03,33341.0,28486.707063682694,22212.0,International,daily
2025-04-04,30602.0,28617.346348757386,22116.0,International,daily
2025-04-05,28120.0,28016.302022168788,22708.0,International,daily
2025-04-06,26233.0,27060.93126144701,22362.0,International,daily
2025-04-07,27817.0,27457.072953312676,23918.0,International,daily
2025-04-08,29053.0,27986.765621233815,24837.0,International,daily
2025-04-09,29487.0,28444.756003121624,26260.0,International,daily
2025-04-10,30059.0,28993.319230356297,28386.0,International,daily
2025-04-11,30583.0,29296.993021886345,26788.0,International,daily
2025-04-12,30147.0,28859.77322757869,24448.0,International,daily
2025-04-13,29775.0,28054.853606829474,21655.0,International,daily
2025-04-14,31759.0,28588.46693476684,23455.0,International,daily
2025-04-15,32275.0,29233.940820706022,24674.0,International,daily
2025-04-16,33221.0,29781.1593727111,25305.0,International,daily
2025-04-17,34350.0,30389.413407773758,25067.0,International,daily
2025-04-18,34701.0,30719.43530647936,24754.0,International,daily
2025-04-19,32198.0,30271.77755756628,23390.0,International,daily
2025-04-20,30012.0,29419.950051201762,22675.0,International,daily
2025-04-21,29524.0,29875.78750486945,24365.0,International,daily
2025-04-22,29965.0,30409.682720037163,25300.0,International,daily
2025-04-23,30543.0,30812.8243222879,25511.0,International,daily
2025-04-24,31100.0,31247.888938239103,25891.0,International,daily
2025-04-25,31159.0,31378.183396432552,25207.0,International,daily
2025-04-26,29291.0,30707.013631798338,25324.0,International,daily
2025-04-27,27571.0,29614.03338893747,24813.0,International,daily
2025-04-28,27515.0,29821.964026386548,26389.0,International,daily
2025-04-29,28110.0,30102.848655358433,28056.0,International,daily
2025-04-30,29466.0,30252.931445137772,27865.0,International,daily
2025-05-01,31751.0,30441.083264701472,28025.0,International,daily
2025-05-02,33057.0,30334.97188392484,27251.0,International,daily
2025-05-03,30896.0,29441.37329110486,25692.0,International,daily
2025-05-04,28971.0,28145.71653334831,23887.0,International,daily
2025-05-05,27806.0,28180.173574124186,23934.0,International,daily
2025-05-06,27109.0,28315.98420653718,24494.0,International,daily
2025-05-07,27479.0,28351.057327311213,24887.0,International,daily
2025-05-08,26990.0,28456.23833120798,25064.0,International,daily
2025-05-09,24889.0,28298.640024260196,23461.0,International,daily
2025-05-10,22706.0,27383.04930306416,21083.0,International,daily
2025-05-11,20991.0,26094.83653678959,19357.0,International,daily
2025-05-12,21759.0,26169.594110931415,19290.0,International,daily
2025-05-13,22251.0,26371.71546383399,19529.0,International,daily
2025-05-14,22904.0,26494.900765772614,19762.0,International,daily
2025-05-15,23253.0,26706.44201833477,19807.0,International,daily
2025-05-16,22559.0,26667.878801496612,20456.0,International,daily
2025-05-17,21223.0,25877.647647993337,20126.0,International,daily
2025-05-18,21176.0,24717.482091246606,19514.0,International,daily
2025-05-19,21549.0,24923.701060398038,20140.0,International,daily
2025-05-20,21947.0,25252.115278256755,21096.0,International,daily
2025-05-21,21775.0,25491.48055866976,21524.0,International,daily
2025-05-22,21951.0,25805.81263205672,22055.0,International,daily
2025-05-23,22310.0,25852.34835146132,22008.0,International,daily
2025-05-24,21804.0,25125.38775314371,21247.0,International,daily
2025-05-25,22244.0,24006.105828725962,20659.0,International,daily
2025-05-26,23480.0,24235.385482439786,21569.0,International,daily
2025-05-27,24762.0,24564.923041422884,21807.0,International,daily
2025-05-28,24437.0,24783.482045319983,21267.0,International,daily
2025-05-29,24817.0,25057.076446344206,20995.0,International,daily
2025-05-30,24689.0,25044.066772399914,20835.0,International,daily
2025-05-31,23294.0,24240.020563673916,19513.0,International,daily
2025-06-01,21917.0,23030.763194623072,18096.0,International,daily
2025-06-02,20874.0,23166.58973291242,18872.0,International,daily
2025-06-03,20807.0,23399.416062421227,18901.0,International,daily
2025-06-04,21344.0,23521.69658392258,18684.0,International,daily
2025-06-05,24001.0,23704.360349422914,18706.0,International,daily
2025-06-06,25748.0,23608.95144093712,18298.0,International,daily
2025-06-07,26340.0,22733.444525023566,17562.0,International,daily
2025-06-08,25088.0,21468.500876105893,16805.0,International,daily
2025-06-09,23976.0,21573.05570745608,16740.0,International,daily
2025-06-10,23914.0,21797.541957961897,17127.0,International,daily
2025-06-11,23006.0,21935.528548785474,16513.0,International,daily
2025-06-12,22523.0,22159.493882859224,17094.0,International,daily
2025-06-13,23202.0,22130.11998323382,18815.0,International,daily
2025-06-14,22512.0,21343.194367187247,20757.0,International,daily
2025-06-15,22701.0,20189.219999011315,21828.0,International,daily
2025-06-16,22646.0,20430.539667853438,22114.0,International,daily
2025-06-17,22523.0,20810.801775762953,20298.0,International,daily
2025-06-18,21704.0,21119.49091902259,20028.0,International,daily
2025-06-19,21156.0,21525.70753819023,19530.0,International,daily
2025-06-20,20888.0,21684.77628792822,18329.0,International,daily
2025-06-21,20381.0,21086.381307995063,17105.0,International,daily
2025-06-22,20507.0,20117.659113627316,17234.0,International,daily
2025-06-23,20540.0,20541.966836534728,18062.0,International,daily
2025-06-24,20988.0,21094.671196209525,18704.0,International,daily
2025-06-25,19807.0,21560.624299540497,18654.0,International,daily
2025-06-26,19566.0,22105.97226487582,18618.0,International,daily
2025-06-27,19577.0,22382.06972463132,18487.0,International,daily
2025-06-28,18273.0,21874.809579313714,17821.0,International,daily
2025-06-29,16974.0,20971.130162232355,17745.0,International,daily
2025-06-30,17193.0,21439.330926144983,19475.0,International,daily
2025-07-01,17972.0,22011.063292391394,19205.0,International,daily
2025-07-02,18545.0,22471.609128602133,19757.0,International,daily
2025-07-03,19307.0,22989.558902107212,19532.0,International,daily
2025-07-04,19774.0,23217.860843984003,19717.0,International,daily
2025-07-05,19591.0,22644.1669657009,18797.0,International,daily
2025-07-06,19698.0,21660.57504634496,18213.0,International,daily
2025-07-07,20385.0,22045.31667111794,19064.0,International,daily
2025-07-08,21310.0,22530.784713387515,19293.0,International,daily
2025-07-09,21325.0,22906.46431767134,19346.0,International,daily
2025-07-10,21417.0,23346.350276792127,19319.0,International,daily
2025-07-11,21605.0,23507.02463681707,18647.0,International,daily
2025-07-12,20636.0,22878.940349928995,18087.0,International,daily
2025-07-13,20802.0,21859.349741034937,18539.0,International,daily
2025-07-14,22337.0,22235.34862108872,20101.0,International,daily
2025-07-15,23114.0,22737.957008083016,20912.0,International,daily
2025-07-16,23429.0,23157.751924682358,20442.0,International,daily
2025-07-17,23003.0,23670.10483535467,20322.0,International,daily
2025-07-18,23139.0,23930.3979109382,20135.0,International,daily
2025-07-19,22833.0,23426.3818660679,19795.0,International,daily
2025-07-20,23164.0,22554.44990786969,20157.0,International,daily
2025-07-21,24735.0,23104.21479548728,20890.0,International,daily
2025-07-22,26300.0,23798.83237729838,21520.0,International,daily
2025-07-23,26199.0,24423.53289857249,21965.0,International,daily
2025-07-24,26674.0,25148.87646369393,22141.0,International,daily
2025-07-25,27168.0,25623.3012608207,23126.0,International,daily
2025-07-26,26630.0,25326.73837581122,23553.0,International,daily
2025-07-27,26031.0,24650.397928997223,23010.0,International,daily
2025-07-28,27236.0,25383.024557845663,23742.0,International,daily
2025-07-29,27895.0,26237.583466031727,23094.0,International,daily
2025-07-30,26743.0,26992.780333073188,22814.0,International,daily
2025-07-31,26105.0,27814.39231589182,23413.0,International,daily
2025-01-06,30118.85714285714,29027.824427734242,21793.714285714286,International,weekly
2025-01-13,27831.0,28880.409492223025,21789.285714285714,International,weekly
2025-01-20,27066.571428571428,28871.660426359515,23326.85714285714,International,weekly
2025-01-27,28307.0,29235.63958502188,22597.428571428572,International,weekly
2025-02-03,27235.0,29985.62100051844,26466.0,International,weekly
2025-02-10,27702.714285714286,30912.975783796526,28883.14285714286,International,weekly
2025-02-17,27318.714285714286,31700.514190034486,27052.571428571428,International,weekly
2025-02-24,25444.428571428572,31073.500142220302,24058.0,International,weekly
2025-03-03,21033.14285714286,28440.215676829383,22906.571428571428,International,weekly
2025-03-10,21442.285714285714,28020.924474853902,18693.714285714286,International,weekly
2025-03-17,24336.285714285714,27563.9844329391,22647.14285714286,International,weekly
2025-03-24,25284.85714285714,27824.790459338026,25587.428571428572,International,weekly
2025-03-31,30253.85714285714,31034.32784162699,22566.0,International,weekly
2025-04-07,29560.14285714286,31396.19194811918,25184.571428571428,International,weekly
2025-04-14,32645.14285714286,31648.613878768796,24188.571428571428,International,weekly
2025-04-21,29879.0,31483.988068906023,25201.571428571428,International,weekly
2025-04-28,29966.571428571428,30685.96772130008,26737.85714285714,International,weekly
2025-05-05,25424.285714285714,29256.530563922835,23182.85714285714,International,weekly
2025-05-12,22160.714285714286,27414.698574228918,19783.428571428572,International,weekly
2025-05-19,21940.0,25500.963602774682,21247.0,International,weekly
2025-05-26,23913.714285714286,23840.361589008422,20583.14285714286,International,weekly
2025-06-02,23457.428571428572,24032.537301939305,18261.14285714286,International,weekly
2025-06-09,23119.14285714286,21926.324948175,18410.571428571428,International,weekly
2025-06-16,21400.714285714286,21657.78309595571,19234.0,International,weekly
2025-06-23,19389.285714285714,21751.99631914341,18298.714285714286,International,weekly
2025-06-30,18868.571428571428,22185.321065769193,19242.285714285714,International,weekly
2025-07-07,21068.571428571428,22987.041735693827,18899.285714285714,International,weekly
2025-07-14,23002.714285714286,24169.42043945876,20266.285714285714,International,weekly
2025-07-21,26248.14285714286,25631.591867729367,22315.0,International,weekly
2025-01-01,29537.0,29533.414519074515,23449.870967741936,International,monthly
2025-02-01,27290.535714285714,30033.44658905709,26415.793103448275,International,monthly
2025-03-01,23155.41935483871,28307.10280577297,22566.74193548387,International,monthly
2025-04-01,30393.066666666666,28771.410437038256,24481.0,International,monthly
2025-05-01,24413.83870967742,29220.740402778843,22215.677419354837,International,monthly
2025-06-01,21689.2,24452.762860241026,18568.0,International,monthly
2025-07-01,23067.8064516129,24822.893947300552,20474.516129032258,International,monthly
2025-01-01,15120.0,15925.073197864771,16864.0,Domestic,daily
2025-01-02,15411.0,15596.320768350462,16520.0,Domestic,daily
2025-01-03,15816.0,17045.26242382454,17634.0,Domestic,daily
2025-01-04,15863.0,18079.82040945312,19170.0,Domestic,daily
2025-01-05,12094.0,14057.355905142364,14971.0,Domestic,daily
2025-01-06,13302.0,14753.194289881609,16081.0,Domestic,daily
2025-01-07,13754.0,15040.10921142588,16362.0,Domestic,daily
2025-01-08,13600.0,15044.786300212458,16644.0,Domestic,daily
2025-01-09,14186.0,14721.010222196579,16155.0,Domestic,daily
2025-01-10,13356.0,16180.306224811724,16976.0,Domestic,daily
2025-01-11,17179.0,17238.105975084978,17974.0,Domestic,daily
2025-01-12,12408.0,13267.523923529945,13667.0,Domestic,daily
2025-01-13,12717.0,14009.684681261264,14814.0,Domestic,daily
2025-01-14,13926.0,14354.335958544918,15417.0,Domestic,daily
2025-01-15,13379.0,14426.8141994822,15707.0,Domestic,daily
2025-01-16,13198.0,14179.960590362103,15660.0,Domestic,daily
2025-01-17,14425.0,15716.725013966547,17937.0,Domestic,daily
2025-01-18,15722.0,16858.667988035537,19531.0,Domestic,daily
2025-01-19,11754.0,12993.385371851558,15096.0,Domestic,daily
2025-01-20,12940.0,13826.668925969232,16779.0,Domestic,daily
2025-01-21,13205.0,14264.276254138953,17406.0,Domestic,daily
2025-01-22,13945.0,14429.422800596956,17688.0,Domestic,daily
2025-01-23,12725.0,14273.446892234766,17137.0,Domestic,daily
2025-01-24,14355.0,15890.391251955987,20015.0,Domestic,daily
2025-01-25,15998.0,17107.850818982493,22437.0,Domestic,daily
2025-01-26,11897.0,13328.049905191283,15959.0,Domestic,daily
2025-01-27,14198.0,14221.834209369512,16490.0,Domestic,daily
2025-01-28,14521.0,14711.590191038962,17326.0,Domestic,daily
2025-01-29,14614.0,14919.250158651323,16907.0,Domestic,daily
2025-01-30,14357.0,14795.687667971395,16692.0,Domestic,daily
2025-01-31,15521.0,16427.252948376863,19468.0,Domestic,daily
2025-02-01,17329.0,17648.938560833805,21266.0,Domestic,daily
2025-02-02,12759.0,13879.077250934786,15847.0,Domestic,daily
2025-02-03,14437.0,14755.13074555529,16701.0,Domestic,daily
2025-02-04,14846.0,15217.721838225309,17661.0,Domestic,daily
2025-02-05,15173.0,15389.114727491313,17829.0,Domestic,daily
2025-02-06,14660.0,15221.302772105897,18059.0,Domestic,daily
2025-02-07,16690.0,16794.46064102999,19838.0,Domestic,daily
2025-02-08,18281.0,17952.392380943547,21686.0,Domestic,daily
2025-02-09,13841.0,14130.817205955922,17407.0,Domestic,daily
2025-02-10,15282.0,14934.925824079139,17165.0,Domestic,daily
2025-02-11,15305.0,15324.50023691301,17587.0,Domestic,daily
2025-02-12,15241.0,15422.849224106665,17980.0,Domestic,daily
2025-02-13,14713.0,15183.57375310087,17679.0,Domestic,daily
2025-02-14,17518.0,16680.926919477213,19134.0,Domestic,daily
2025-02-15,18451.0,17767.541474207257,20889.0,Domestic,daily
2025-02-16,11107.0,13896.306640407996,16132.0,Domestic,daily
2025-02-17,11581.0,14639.700996882339,17138.0,Domestic,daily
2025-02-18,11717.0,14976.014696189768,17450.0,Domestic,daily
2025-02-19,11900.0,15028.760065674953,17006.0,Domestic,daily
2025-02-20,12061.0,14752.139359430525,16853.0,Domestic,daily
2025-02-21,14649.0,16213.341220411803,18642.0,Domestic,daily
2025-02-22,17675.0,17272.579663405824,19292.0,Domestic,daily
2025-02-23,12514.0,13398.596315013492,15382.0,Domestic,daily
2025-02-24,13781.0,14129.805725724762,16477.0,Domestic,daily
2025-02-25,14639.0,14461.656391117991,17381.0,Domestic,daily
2025-02-26,14901.0,14516.552395858173,17325.0,Domestic,daily
2025-02-27,14321.0,14248.058020421517,16930.0,Domestic,daily
2025-02-28,11961.0,15715.162909929235,19730.0,Domestic,daily
2025-03-01,12000.0,16784.66152312404,21167.0,Domestic,daily
2025-03-02,8827.0,12940.30587401692,15101.0,Domestic,daily
2025-03-03,9677.0,13685.78377094332,16469.0,Domestic,daily
2025-03-04,10222.0,14033.234038629187,16470.0,Domestic,daily
2025-03-05,10622.0,14103.689122270318,17131.0,Domestic,daily
2025-03-06,10185.0,13850.020755625874,16317.0,Domestic,daily
2025-03-07,11380.0,15323.172259533476,16606.0,Domestic,daily
2025-03-08,12637.0,16396.87118045957,16616.0,Domestic,daily
2025-03-09,9292.0,12570.419796663457,11511.0,Domestic,daily
2025-03-10,10396.0,13313.48847270978,10930.0,Domestic,daily
2025-03-11,11142.0,13655.762719079114,11481.0,Domestic,daily
2025-03-12,10801.0,13717.880484644209,11407.0,Domestic,daily
2025-03-13,10144.0,13453.089452980339,11081.0,Domestic,daily
2025-03-14,11522.0,14905.414704602075,12776.0,Domestic,daily
2025-03-15,13375.0,15956.671333879553,14202.0,Domestic,daily
2025-03-16,9695.0,12122.858985263909,10995.0,Domestic,daily
2025-03-17,10836.0,12840.736995820238,12113.0,Domestic,daily
2025-03-18,11505.0,13158.571285827662,12642.0,Domestic,daily
2025-03-19,11583.0,13197.536525363414,12814.0,Domestic,daily
2025-03-20,10973.0,12912.0582430264,12589.0,Domestic,daily
2025-03-21,12235.0,14339.892752808713,13688.0,Domestic,daily
2025-03-22,14056.0,15371.42097894573,15439.0,Domestic,daily
2025-03-23,11275.0,11539.633069161764,12876.0,Domestic,daily
2025-03-24,12377.0,12248.4765428884,14261.0,Domestic,daily
2025-03-25,12726.0,12564.699610067362,14590.0,Domestic,daily
2025-03-26,12705.0,12609.720248190128,14906.0,Domestic,daily
2025-03-27,11914.0,12338.660508737115,14432.0,Domestic,daily
2025-03-28,13171.0,13782.351206731726,15387.0,Domestic,daily
2025-03-29,18953.0,14838.924189163683,16702.0,Domestic,daily
2025-03-30,26033.0,11057.408496222362,13047.0,Domestic,daily
2025-03-31,28868.0,11807.876607381093,13832.0,Domestic,daily
2025-04-01,21754.0,12174.412192388516,14061.0,Domestic,daily
2025-04-02,19652.0,12277.476232177001,13612.0,Domestic,daily
2025-04-03,19109.0,12071.664950967845,13262.0,Domestic,daily
2025-04-04,19290.0,13579.671128398735,14159.0,Domestic,daily
2025-04-05,19328.0,14706.206236892163,16599.0,Domestic,daily
2025-04-06,15150.0,11015.238295315521,16228.0,Domestic,daily
2025-04-07,16375.0,11841.96427333925,18627.0,Domestic,daily
2025-04-08,16466.0,12286.927513817049,20392.0,Domestic,daily
2025-04-09,16214.0,12468.90266308966,26470.0,Domestic,daily
2025-04-10,16039.0,12341.394971056048,30511.0,Domestic,daily
2025-04-11,16949.0,13918.571512163111,28486.0,Domestic,daily
2025-04-12,18306.0,15111.521716644684,21536.0,Domestic,daily
2025-04-13,12997.0,11499.140510037623,13750.0,Domestic,daily
2025-04-14,14276.0,12381.925505047617,15154.0,Domestic,daily
2025-04-15,14619.0,12877.237865648332,16046.0,Domestic,daily
2025-04-16,14328.0,13102.69519557985,16186.0,Domestic,daily
2025-04-17,13800.0,13011.397096203862,16163.0,Domestic,daily
2025-04-18,17022.0,14609.807401943151,17672.0,Domestic,daily
2025-04-19,18963.0,15816.330999820573,18953.0,Domestic,daily
2025-04-20,12913.0,12225.817591317307,15262.0,Domestic,daily
2025-04-21,13532.0,13105.15716511841,16729.0,Domestic,daily
2025-04-22,14190.0,13589.656706835274,16607.0,Domestic,daily
2025-04-23,13944.0,13796.913133082411,16820.0,Domestic,daily
2025-04-24,13795.0,13680.737645278394,16414.0,Domestic,daily
2025-04-25,17471.0,15240.96271061899,18878.0,Domestic,daily
2025-04-26,21378.0,16404.310788485025,21509.0,Domestic,daily
2025-04-27,13971.0,12782.496849398385,15234.0,Domestic,daily
2025-04-28,15213.0,13609.603324551446,15966.0,Domestic,daily
2025-04-29,15944.0,14039.557365986428,16264.0,Domestic,daily
2025-04-30,15770.0,14190.472377865368,16202.0,Domestic,daily
2025-05-01,14540.0,14017.26378578296,16176.0,Domestic,daily
2025-05-02,17874.0,15513.377549409093,17931.0,Domestic,daily
2025-05-03,19425.0,16613.951724709223,19717.0,Domestic,daily
2025-05-04,13264.0,12947.522667276924,14097.0,Domestic,daily
2025-05-05,14497.0,13715.18812592822,15102.0,Domestic,daily
2025-05-06,14436.0,14089.197097631388,15490.0,Domestic,daily
2025-05-07,14523.0,14187.774921853535,15800.0,Domestic,daily
2025-05-08,14331.0,13966.447820547495,15343.0,Domestic,daily
2025-05-09,17118.0,15411.712094327771,17560.0,Domestic,daily
2025-05-10,18844.0,16466.508835093857,19619.0,Domestic,daily
2025-05-11,12794.0,12775.554635801116,13237.0,Domestic,daily
2025-05-12,13764.0,13506.313500860591,14835.0,Domestic,daily
2025-05-13,14281.0,13848.719180711785,15440.0,Domestic,daily
2025-05-14,14518.0,13920.502326288843,15437.0,Domestic,daily
2025-05-15,14041.0,13677.240363709489,15335.0,Domestic,daily
2025-05-16,16969.0,15097.98153210006,18552.0,Domestic,daily
2025-05-17,19534.0,16133.044111058829,19973.0,Domestic,daily
2025-05-18,14011.0,12442.979915693155,13530.0,Domestic,daily
2025-05-19,14989.0,13161.360029853417,14676.0,Domestic,daily
2025-05-20,15480.0,13495.631274605348,15328.0,Domestic,daily
2025-05-21,15321.0,13562.943756362547,15681.0,Domestic,daily
2025-05-22,13517.0,13318.921228105104,15241.0,Domestic,daily
2025-05-23,15110.0,14735.232180154066,18212.0,Domestic,daily
2025-05-24,17707.0,15769.703188143927,20106.0,Domestic,daily
2025-05-25,12491.0,12098.902610903928,13421.0,Domestic,daily
2025-05-26,14430.0,12822.725861365441,15175.0,Domestic,daily
2025-05-27,16049.0,13166.370559590156,15699.0,Domestic,daily
2025-05-28,15760.0,13246.648433909933,15834.0,Domestic,daily
2025-05-29,14487.0,13019.460126449598,15251.0,Domestic,daily
2025-05-30,17315.0,14449.29787998861,17391.0,Domestic,daily
2025-05-31,19361.0,15501.658700704198,20213.0,Domestic,daily
2025-06-01,12404.0,11869.235630503026,13454.0,Domestic,daily
2025-06-02,13356.0,12618.292074341607,15040.0,Domestic,daily
2025-06-03,13579.0,12991.747702307517,15786.0,Domestic,daily
2025-06-04,12461.0,13105.969627986336,15511.0,Domestic,daily
2025-06-05,24823.0,12916.949662070147,14962.0,Domestic,daily
2025-06-06,35485.0,14381.739796540234,16771.0,Domestic,daily
2025-06-07,32633.0,15473.169592743525,19008.0,Domestic,daily
2025-06-08,13872.0,11899.652553087151,12695.0,Domestic,daily
2025-06-09,13268.0,12693.359945178257,13344.0,Domestic,daily
2025-06-10,14495.0,13114.430510460159,13736.0,Domestic,daily
2025-06-11,14240.0,13278.256207077204,13191.0,Domestic,daily
2025-06-12,14058.0,13140.37896213675,12356.0,Domestic,daily
2025-06-13,16015.0,14649.87723667179,13581.0,Domestic,daily
2025-06-14,19106.0,15786.40657668188,22725.0,Domestic,daily
2025-06-15,13078.0,12273.640066790518,32803.0,Domestic,daily
2025-06-16,14983.0,13109.260057108939,30776.0,Domestic,daily
2025-06-17,16045.0,13570.30889401467,17286.0,Domestic,daily
2025-06-18,15867.0,13770.984664540325,15494.0,Domestic,daily
2025-06-19,14781.0,13666.270562909778,14829.0,Domestic,daily
2025-06-20,17167.0,15197.282848857647,16181.0,Domestic,daily
2025-06-21,20188.0,16350.64166714178,17719.0,Domestic,daily
2025-06-22,14501.0,12865.549167729489,13364.0,Domestic,daily
2025-06-23,16043.0,13705.598986341683,15151.0,Domestic,daily
2025-06-24,16336.0,14165.264010536088,16018.0,Domestic,daily
2025-06-25,16833.0,14358.194310207127,16683.0,Domestic,daily
2025-06-26,17699.0,14239.567597524487,16576.0,Domestic,daily
2025-06-27,27905.0,15743.383587963457,19692.0,Domestic,daily
2025-06-28,26289.0,16864.146969561134,21588.0,Domestic,daily
2025-06-29,16228.0,13357.562382733327,15821.0,Domestic,daily
2025-06-30,17728.0,14154.138685340433,17492.0,Domestic,daily
2025-07-01,18750.0,14566.789220124097,17910.0,Domestic,daily
2025-07-02,18497.0,14709.606486026574,17688.0,Domestic,daily
2025-07-03,16981.0,14538.908024900515,17176.0,Domestic,daily
2025-07-04,18713.0,15982.45200541249,18823.0,Domestic,daily
2025-07-05,21236.0,17043.408354727766,20947.0,Domestic,daily
2025-07-06,15942.0,13494.648486162092,15245.0,Domestic,daily
2025-07-07,17540.0,14234.124753545057,17081.0,Domestic,daily
2025-07-08,18514.0,14593.566721751236,17934.0,Domestic,daily
2025-07-09,18997.0,14687.719679790092,17697.0,Domestic,daily
2025-07-10,17523.0,14474.077064628886,16540.0,Domestic,daily
2025-07-11,18898.0,15874.012692545659,17732.0,Domestic,daily
2025-07-12,21725.0,16899.03998268609,19835.0,Domestic,daily
2025-07-13,16089.0,13338.700937001004,15626.0,Domestic,daily
2025-07-14,18471.0,14057.72980956993,17707.0,Domestic,daily
2025-07-15,19531.0,14405.858751015387,18112.0,Domestic,daily
2025-07-16,19111.0,14497.537583286121,18488.0,Domestic,daily
2025-07-17,17482.0,14290.373823103851,16952.0,Domestic,daily
2025-07-18,19194.0,15698.20575723652,17064.0,Domestic,daily
2025-07-19,21165.0,16739.67649256838,19171.0,Domestic,daily
2025-07-20,15799.0,13219.750793005453,14765.0,Domestic,daily
2025-07-21,17755.0,13968.692716493764,16630.0,Domestic,daily
2025-07-22,18730.0,14353.010776877705,17727.0,Domestic,daily
2025-07-23,18305.0,14485.688744025854,17931.0,Domestic,daily
2025-07-24,16972.0,14323.361885207563,16634.0,Domestic,daily
2025-07-25,19185.0,15771.357620031788,19200.0,Domestic,daily
2025-07-26,21662.0,16854.608559199067,21815.0,Domestic,daily
2025-07-27,17211.0,13392.818161813551,16675.0,Domestic,daily
2025-07-28,19020.0,14181.26956244639,18744.0,Domestic,daily
2025-07-29,20271.0,14602.923285722041,19374.0,Domestic,daily
2025-07-30,20218.0,14769.167583435416,18408.0,Domestic,daily
2025-07-31,18442.0,14635.734662863557,17460.0,Domestic,daily
2025-01-06,13969.285714285714,15101.169626116573,16265.57142857143,Domestic,weekly
2025-01-13,13588.714285714286,15019.066927594893,16308.857142857143,Domestic,weekly
2025-01-20,13580.714285714286,15119.028070873432,18203.0,Domestic,weekly
2025-01-27,14757.0,15294.400978721857,17713.714285714286,Domestic,weekly
2025-02-03,15418.285714285714,15415.205749446992,18454.428571428572,Domestic,weekly
2025-02-10,15373.857142857143,15394.177544746764,18080.85714285714,Domestic,weekly
2025-02-17,13156.714285714286,15229.339958473296,17394.714285714286,Domestic,weekly
2025-02-24,12918.57142857143,13824.356819724107,17730.14285714286,Domestic,weekly
2025-03-03,10573.57142857143,10724.246486971067,15874.285714285714,Domestic,weekly
2025-03-10,11010.714285714286,10720.210194840281,11838.857142857143,Domestic,weekly
2025-03-17,11780.42857142857,10884.11639630158,13165.857142857143,Domestic,weekly
2025-03-24,15411.285714285714,14016.034795563737,14760.714285714286,Domestic,weekly
2025-03-31,20450.14285714286,17699.68750113335,14536.142857142857,Domestic,weekly
2025-04-07,16192.285714285714,15453.863418653138,22824.571428571428,Domestic,weekly
2025-04-14,15131.57142857143,15263.74247133139,16490.85714285714,Domestic,weekly
2025-04-21,15468.714285714286,14873.949096642807,17455.85714285714,Domestic,weekly
2025-04-28,16004.285714285714,14393.21172216709,16621.85714285714,Domestic,weekly
2025-05-05,15220.42857142857,13957.907354703344,16021.57142857143,Domestic,weekly
2025-05-12,15302.57142857143,13671.236510630737,16157.42857142857,Domestic,weekly
2025-05-19,14945.0,13562.777076993896,16095.0,Domestic,weekly
2025-05-26,15686.57142857143,13587.38139384007,16145.285714285714,Domestic,weekly
2025-06-02,20887.0,16529.428955050844,15681.857142857143,Domestic,weekly
2025-06-09,14894.285714285714,13717.702879768454,17390.85714285714,Domestic,weekly
2025-06-16,16218.857142857143,13742.617058756094,17949.85714285714,Domestic,weekly
2025-06-23,19619.0,13785.148403061952,17361.285714285714,Domestic,weekly
2025-06-30,18263.85714285714,13922.35757280411,17897.285714285714,Domestic,weekly
2025-07-07,18469.428571428572,14205.716217043124,17492.14285714286,Domestic,weekly
2025-07-14,18679.0,14615.255187092018,17465.571428571428,Domestic,weekly
2025-07-21,18545.714285714286,15048.20828123044,18087.428571428572,Domestic,weekly
2025-01-01,14047.935483870968,16828.43482772649,16876.225806451614,Domestic,monthly
2025-02-01,14547.607142857143,16721.694540158238,17892.96551724138,Domestic,monthly
2025-03-01,12617.0,15237.21762008342,14370.193548387097,Domestic,monthly
2025-04-01,16291.933333333332,15139.38921639225,17712.733333333334,Domestic,monthly
2025-05-01,15509.064516129032,15044.716567658863,16173.90322580645,Domestic,monthly
2025-06-01,17715.533333333333,16408.92697559573,17078.466666666667,Domestic,monthly
2025-07-01,18642.870967741936,16304.993865063907,17842.677419354837,Domestic,monthly
