series,kind,n_train,n_test,wmape_model,wmape_baseline
Total,daily,1096,212,0.09613710911223267,0.10360394923703346
Total,weekly,157,29,0.049674041026397074,0.08317629643751616
Total,monthly,36,7,0.08437357568344571,0.0694669560313187
International,daily,1096,212,0.11205345379845039,0.14016239693711283
International,weekly,157,29,0.096085964348578,0.12710443727694928
International,monthly,36,7,0.10496082950916683,0.11905118541708005
Domestic,daily,1096,212,0.1612003684548779,0.17140312960324552
Domestic,weekly,157,29,0.11646354497347997,0.15510792960253114
Domestic,monthly,36,7,0.11736263731259056,0.10468627209107767
